timestamp,user,workstation,src_ip,event,device_type,device_name,device_id,drive_letter,files_copied,category
2024-03-09 16:22:16,vparker,WIN-SALES-005,10.10.5.105,DeviceConnected,USB Keyboard,Logitech K380,USB\VID_046D&PID_C52B,,0,Normal
2024-03-02 12:11:28,jrivera,WIN-EXEC-003,10.10.7.103,DeviceConnected,USB Headset,Plantronics Headset,USB\VID_047F&PID_C056,,0,Normal
2024-03-18 14:47:02,owatson,WIN-OPS-005,10.10.8.105,DeviceConnected,USB Mouse,Logitech M500,USB\VID_046D&PID_C07E,,0,Normal
2024-03-01 14:24:59,jsmith,WIN-HR-001,10.10.1.101,DeviceConnected,USB Keyboard,Logitech K380,USB\VID_046D&PID_C52B,,0,Normal
2024-03-03 08:34:47,mbaker,WIN-SOC-001,10.10.4.101,DeviceConnected,USB Headset,Plantronics Headset,USB\VID_047F&PID_C056,,0,Normal
2024-03-05 11:04:43,ptaylor,WIN-HR-003,10.10.1.103,DeviceConnected,USB Keyboard,Logitech K380,USB\VID_046D&PID_C52B,,0,Normal
2024-03-30 15:58:46,yedwards,WIN-SALES-008,10.10.5.108,DeviceConnected,USB Headset,Plantronics Headset,USB\VID_047F&PID_C056,,0,Normal
2024-03-09 08:39:46,qperez,WIN-SOC-005,10.10.4.105,DeviceConnected,USB Headset,Plantronics Headset,USB\VID_047F&PID_C056,,0,Normal
2024-03-13 13:08:26,sturner,WIN-SALES-002,10.10.5.102,DeviceConnected,USB Headset,Plantronics Headset,USB\VID_047F&PID_C056,,0,Normal
2024-03-14 15:47:50,fmorgan,WIN-MKT-005,10.10.6.105,DeviceConnected,USB Mouse,Logitech M500,USB\VID_046D&PID_C07E,,0,Normal
2024-03-05 15:58:14,crogers,WIN-MKT-002,10.10.6.102,DeviceConnected,USB Headset,Plantronics Headset,USB\VID_047F&PID_C056,,0,Normal
2024-03-30 09:48:54,sturner,WIN-SALES-002,10.10.5.102,DeviceConnected,USB Keyboard,Logitech K380,USB\VID_046D&PID_C52B,,0,Normal
2024-03-01 11:56:19,ladams,WIN-IT-005,10.10.3.105,DeviceConnected,USB Headset,Plantronics Headset,USB\VID_047F&PID_C056,,0,Normal
2024-03-27 12:44:45,ibailey,WIN-EXEC-002,10.10.7.102,DeviceConnected,USB Mouse,Logitech M500,USB\VID_046D&PID_C07E,,0,Normal
2024-03-19 08:39:42,nwood,WIN-OPS-004,10.10.8.104,DeviceConnected,USB Keyboard,Logitech K380,USB\VID_046D&PID_C52B,,0,Normal
2024-03-28 14:47:38,fmorgan,WIN-MKT-005,10.10.6.105,DeviceConnected,USB Mouse,Logitech M500,USB\VID_046D&PID_C07E,,0,Normal
2024-03-07 17:55:41,ptaylor,WIN-HR-003,10.10.1.103,DeviceConnected,USB Headset,Plantronics Headset,USB\VID_047F&PID_C056,,0,Normal
2024-03-09 12:47:00,mbaker,WIN-SOC-001,10.10.4.101,DeviceConnected,USB Keyboard,Logitech K380,USB\VID_046D&PID_C52B,,0,Normal
2024-03-12 16:03:57,ptaylor,WIN-HR-003,10.10.1.103,DeviceConnected,USB Headset,Plantronics Headset,USB\VID_047F&PID_C056,,0,Normal
2024-03-05 17:49:31,ptaylor,WIN-HR-003,10.10.1.103,DeviceConnected,USB Keyboard,Logitech K380,USB\VID_046D&PID_C52B,,0,Normal
2024-03-12 08:48:54,rthompson,WIN-FIN-001,10.10.2.101,DeviceConnected,USB Keyboard,Logitech K380,USB\VID_046D&PID_C52B,,0,Normal
2024-03-29 14:10:48,mbaker,WIN-SOC-001,10.10.4.101,DeviceConnected,USB Mouse,Logitech M500,USB\VID_046D&PID_C07E,,0,Normal
2024-03-25 17:52:39,cwhite,WIN-FIN-003,10.10.2.103,DeviceConnected,USB Keyboard,Logitech K380,USB\VID_046D&PID_C52B,,0,Normal
2024-03-09 14:41:12,tphillips,WIN-SALES-003,10.10.5.103,DeviceConnected,USB Mouse,Logitech M500,USB\VID_046D&PID_C07E,,0,Normal
2024-03-08 10:19:26,yedwards,WIN-SALES-008,10.10.5.108,DeviceConnected,USB Keyboard,Logitech K380,USB\VID_046D&PID_C52B,,0,Normal
2024-03-25 09:17:14,tphillips,WIN-SALES-003,10.10.5.103,DeviceConnected,USB Mouse,Logitech M500,USB\VID_046D&PID_C07E,,0,Normal
2024-03-09 08:46:23,dlee,WIN-FIN-004,10.10.2.104,DeviceConnected,USB Mouse,Logitech M500,USB\VID_046D&PID_C07E,,0,Normal
2024-03-26 11:32:53,qkelly,WIN-RD-002,10.10.9.102,DeviceConnected,USB Mouse,Logitech M500,USB\VID_046D&PID_C07E,,0,Normal
2024-03-16 16:40:55,tphillips,WIN-SALES-003,10.10.5.103,DeviceConnected,USB Headset,Plantronics Headset,USB\VID_047F&PID_C056,,0,Normal
2024-03-05 08:20:49,tphillips,WIN-SALES-003,10.10.5.103,DeviceConnected,USB Headset,Plantronics Headset,USB\VID_047F&PID_C056,,0,Normal
2024-03-17 16:10:21,lward,WIN-OPS-002,10.10.8.102,DeviceConnected,USB Headset,Plantronics Headset,USB\VID_047F&PID_C056,,0,Normal
2024-03-11 11:27:29,jsmith,WIN-HR-001,10.10.1.101,DeviceConnected,USB Headset,Plantronics Headset,USB\VID_047F&PID_C056,,0,Normal
2024-03-09 17:50:59,tphillips,WIN-SALES-003,10.10.5.103,DeviceConnected,USB Headset,Plantronics Headset,USB\VID_047F&PID_C056,,0,Normal
2024-03-13 13:52:10,rroberts,WIN-SALES-001,10.10.5.101,DeviceConnected,USB Mouse,Logitech M500,USB\VID_046D&PID_C07E,,0,Normal
2024-03-15 16:35:23,fclark,WIN-FIN-006,10.10.2.106,DeviceConnected,USB Mouse,Logitech M500,USB\VID_046D&PID_C07E,,0,Normal
2024-03-06 12:32:04,lward,WIN-OPS-002,10.10.8.102,DeviceConnected,USB Keyboard,Logitech K380,USB\VID_046D&PID_C52B,,0,Normal
2024-03-03 13:12:41,gbell,WIN-MKT-006,10.10.6.106,DeviceConnected,USB Headset,Plantronics Headset,USB\VID_047F&PID_C056,,0,Normal
2024-03-14 16:22:02,kjones,WIN-HR-005,10.10.1.105,DeviceConnected,USB Keyboard,Logitech K380,USB\VID_046D&PID_C52B,,0,Normal
2024-03-13 13:49:23,cwhite,WIN-FIN-003,10.10.2.103,DeviceConnected,USB Mouse,Logitech M500,USB\VID_046D&PID_C07E,,0,Normal
2024-03-14 08:24:51,fclark,WIN-FIN-006,10.10.2.106,DeviceConnected,USB Keyboard,Logitech K380,USB\VID_046D&PID_C52B,,0,Normal
2024-03-16 14:35:06,mrichardson,WIN-OPS-003,10.10.8.103,DeviceConnected,USB Keyboard,Logitech K380,USB\VID_046D&PID_C52B,,0,Normal
2024-03-20 12:06:29,eharris,WIN-FIN-005,10.10.2.105,DeviceConnected,USB Headset,Plantronics Headset,USB\VID_047F&PID_C056,,0,Normal
2024-03-07 10:27:58,dlee,WIN-FIN-004,10.10.2.104,DeviceConnected,USB Keyboard,Logitech K380,USB\VID_046D&PID_C52B,,0,Normal
2024-03-25 17:25:51,ucampbell,WIN-SALES-004,10.10.5.104,DeviceConnected,USB Headset,Plantronics Headset,USB\VID_047F&PID_C056,,0,Normal
2024-03-26 15:11:52,yedwards,WIN-SALES-008,10.10.5.108,DeviceConnected,USB Headset,Plantronics Headset,USB\VID_047F&PID_C056,,0,Normal
2024-03-09 14:31:12,kjones,WIN-HR-005,10.10.1.105,DeviceConnected,USB Keyboard,Logitech K380,USB\VID_046D&PID_C52B,,0,Normal
2024-03-27 10:22:53,rthompson,WIN-FIN-001,10.10.2.101,DeviceConnected,USB Headset,Plantronics Headset,USB\VID_047F&PID_C056,,0,Normal
2024-03-21 16:53:34,pmitchell,WIN-SOC-004,10.10.4.104,DeviceConnected,USB Headset,Plantronics Headset,USB\VID_047F&PID_C056,,0,Normal
2024-03-25 09:35:34,lward,WIN-OPS-002,10.10.8.102,DeviceConnected,USB Keyboard,Logitech K380,USB\VID_046D&PID_C52B,,0,Normal
2024-03-30 15:57:46,yedwards,WIN-SALES-008,10.10.5.108,DeviceConnected,USB Headset,Plantronics Headset,USB\VID_047F&PID_C056,,0,Normal
2024-03-25 14:32:48,ucampbell,WIN-SALES-004,10.10.5.104,DeviceConnected,USB Keyboard,Logitech K380,USB\VID_046D&PID_C52B,,0,Normal
2024-03-10 12:10:12,dlee,WIN-FIN-004,10.10.2.104,DeviceConnected,USB Mouse,Logitech M500,USB\VID_046D&PID_C07E,,0,Normal
2024-03-19 10:08:22,rroberts,WIN-SALES-001,10.10.5.101,DeviceConnected,USB Keyboard,Logitech K380,USB\VID_046D&PID_C52B,,0,Normal
2024-03-27 11:21:51,jscott,WIN-IT-003,10.10.3.103,DeviceConnected,USB Keyboard,Logitech K380,USB\VID_046D&PID_C52B,,0,Normal
2024-03-18 09:07:06,wevans,WIN-SALES-006,10.10.5.106,DeviceConnected,USB Mouse,Logitech M500,USB\VID_046D&PID_C07E,,0,Normal
2024-03-12 13:37:25,rroberts,WIN-SALES-001,10.10.5.101,DeviceConnected,USB Keyboard,Logitech K380,USB\VID_046D&PID_C52B,,0,Normal
2024-03-07 15:41:53,iwalker,WIN-IT-002,10.10.3.102,DeviceConnected,USB Headset,Plantronics Headset,USB\VID_047F&PID_C056,,0,Normal
2024-03-16 11:17:09,ptaylor,WIN-HR-003,10.10.1.103,DeviceConnected,USB Headset,Plantronics Headset,USB\VID_047F&PID_C056,,0,Normal
2024-03-08 10:43:31,kgreen,WIN-IT-004,10.10.3.104,DeviceConnected,USB Mouse,Logitech M500,USB\VID_046D&PID_C07E,,0,Normal
2024-03-23 13:20:04,bmorris,WIN-MKT-001,10.10.6.101,DeviceConnected,USB Keyboard,Logitech K380,USB\VID_046D&PID_C52B,,0,Normal
2024-03-04 16:28:30,ladams,WIN-IT-005,10.10.3.105,DeviceConnected,USB Keyboard,Logitech K380,USB\VID_046D&PID_C52B,,0,Normal
2024-03-07 09:20:44,jscott,WIN-IT-003,10.10.3.103,DeviceConnected,USB Mouse,Logitech M500,USB\VID_046D&PID_C07E,,0,Normal
2024-03-17 17:44:03,hrobinson,WIN-IT-001,10.10.3.101,DeviceConnected,USB Keyboard,Logitech K380,USB\VID_046D&PID_C52B,,0,Normal
2024-03-02 10:48:48,mrichardson,WIN-OPS-003,10.10.8.103,DeviceConnected,USB Mouse,Logitech M500,USB\VID_046D&PID_C07E,,0,Normal
2024-03-28 17:21:17,tphillips,WIN-SALES-003,10.10.5.103,DeviceConnected,USB Headset,Plantronics Headset,USB\VID_047F&PID_C056,,0,Normal
2024-03-10 15:35:30,tphillips,WIN-SALES-003,10.10.5.103,DeviceConnected,USB Keyboard,Logitech K380,USB\VID_046D&PID_C52B,,0,Normal
2024-03-28 12:18:13,ladams,WIN-IT-005,10.10.3.105,DeviceConnected,USB Keyboard,Logitech K380,USB\VID_046D&PID_C52B,,0,Normal
2024-03-11 12:31:32,nnelson,WIN-SOC-002,10.10.4.102,DeviceConnected,USB Mouse,Logitech M500,USB\VID_046D&PID_C07E,,0,Normal
2024-03-27 17:10:25,ocarter,WIN-SOC-003,10.10.4.103,DeviceConnected,USB Mouse,Logitech M500,USB\VID_046D&PID_C07E,,0,Normal
2024-03-11 11:30:46,mrichardson,WIN-OPS-003,10.10.8.103,DeviceConnected,USB Headset,Plantronics Headset,USB\VID_047F&PID_C056,,0,Normal
2024-03-30 11:25:49,mbaker,WIN-SOC-001,10.10.4.101,DeviceConnected,USB Keyboard,Logitech K380,USB\VID_046D&PID_C52B,,0,Normal
2024-03-27 14:13:19,mrichardson,WIN-OPS-003,10.10.8.103,DeviceConnected,USB Keyboard,Logitech K380,USB\VID_046D&PID_C52B,,0,Normal
2024-03-02 15:45:23,iwalker,WIN-IT-002,10.10.3.102,DeviceConnected,USB Keyboard,Logitech K380,USB\VID_046D&PID_C52B,,0,Normal
2024-03-18 08:11:28,jscott,WIN-IT-003,10.10.3.103,DeviceConnected,USB Headset,Plantronics Headset,USB\VID_047F&PID_C056,,0,Normal
2024-03-16 14:05:51,nwood,WIN-OPS-004,10.10.8.104,DeviceConnected,USB Headset,Plantronics Headset,USB\VID_047F&PID_C056,,0,Normal
2024-03-02 14:00:55,ladams,WIN-IT-005,10.10.3.105,DeviceConnected,USB Headset,Plantronics Headset,USB\VID_047F&PID_C056,,0,Normal
2024-03-08 17:52:07,lward,WIN-OPS-002,10.10.8.102,DeviceConnected,USB Headset,Plantronics Headset,USB\VID_047F&PID_C056,,0,Normal
2024-03-03 13:05:36,ocarter,WIN-SOC-003,10.10.4.103,DeviceConnected,USB Mouse,Logitech M500,USB\VID_046D&PID_C07E,,0,Normal
2024-03-17 11:38:50,ocarter,WIN-SOC-003,10.10.4.103,DeviceConnected,USB Headset,Plantronics Headset,USB\VID_047F&PID_C056,,0,Normal
2024-03-10 10:23:19,ladams,WIN-IT-005,10.10.3.105,DeviceConnected,USB Keyboard,Logitech K380,USB\VID_046D&PID_C52B,,0,Normal
2024-03-09 16:16:45,ptaylor,WIN-HR-003,10.10.1.103,DeviceConnected,USB Headset,Plantronics Headset,USB\VID_047F&PID_C056,,0,Normal
2024-03-06 17:53:01,ibailey,WIN-EXEC-002,10.10.7.102,DeviceConnected,USB Mouse,Logitech M500,USB\VID_046D&PID_C07E,,0,Normal
2024-03-11 15:03:57,wevans,WIN-SALES-006,10.10.5.106,DeviceConnected,USB Headset,Plantronics Headset,USB\VID_047F&PID_C056,,0,Normal
2024-03-21 16:22:14,crogers,WIN-MKT-002,10.10.6.102,DeviceConnected,USB Keyboard,Logitech K380,USB\VID_046D&PID_C52B,,0,Normal
2024-03-07 16:23:52,jsmith,WIN-HR-001,10.10.1.101,DeviceConnected,USB Headset,Plantronics Headset,USB\VID_047F&PID_C056,,0,Normal
2024-03-24 16:03:51,ptaylor,WIN-HR-003,10.10.1.103,DeviceConnected,USB Headset,Plantronics Headset,USB\VID_047F&PID_C056,,0,Normal
2024-03-01 12:53:51,mrichardson,WIN-OPS-003,10.10.8.103,DeviceConnected,USB Mouse,Logitech M500,USB\VID_046D&PID_C07E,,0,Normal
2024-03-21 17:31:18,rroberts,WIN-SALES-001,10.10.5.101,DeviceConnected,USB Headset,Plantronics Headset,USB\VID_047F&PID_C056,,0,Normal
2024-03-01 08:31:30,hmurphy,WIN-EXEC-001,10.10.7.101,DeviceConnected,USB Mouse,Logitech M500,USB\VID_046D&PID_C07E,,0,Normal
2024-03-22 10:59:58,mwilson,WIN-HR-002,10.10.1.102,DeviceConnected,USB Keyboard,Logitech K380,USB\VID_046D&PID_C52B,,0,Normal
2024-03-28 17:05:24,amartin,WIN-FIN-002,10.10.2.102,DeviceConnected,USB Headset,Plantronics Headset,USB\VID_047F&PID_C056,,0,Normal
2024-03-28 17:33:03,rsanders,WIN-RD-003,10.10.9.103,DeviceConnected,USB Headset,Plantronics Headset,USB\VID_047F&PID_C056,,0,Normal
2024-03-02 08:23:06,iwalker,WIN-IT-002,10.10.3.102,DeviceConnected,USB Mouse,Logitech M500,USB\VID_046D&PID_C07E,,0,Normal
2024-03-17 13:22:37,eharris,WIN-FIN-005,10.10.2.105,DeviceConnected,USB Keyboard,Logitech K380,USB\VID_046D&PID_C52B,,0,Normal
2024-03-07 11:05:06,cwhite,WIN-FIN-003,10.10.2.103,DeviceConnected,USB Mouse,Logitech M500,USB\VID_046D&PID_C07E,,0,Normal
2024-03-30 15:01:59,fclark,WIN-FIN-006,10.10.2.106,DeviceConnected,USB Mouse,Logitech M500,USB\VID_046D&PID_C07E,,0,Normal
2024-03-08 15:52:22,eharris,WIN-FIN-005,10.10.2.105,DeviceConnected,USB Headset,Plantronics Headset,USB\VID_047F&PID_C056,,0,Normal
2024-03-01 11:23:38,rsanders,WIN-RD-003,10.10.9.103,DeviceConnected,USB Mouse,Logitech M500,USB\VID_046D&PID_C07E,,0,Normal
2024-03-30 09:27:53,pbrooks,WIN-RD-001,10.10.9.101,DeviceConnected,USB Keyboard,Logitech K380,USB\VID_046D&PID_C52B,,0,Normal
2024-03-01 13:14:12,ladams,WIN-IT-005,10.10.3.105,DeviceConnected,USB Headset,Plantronics Headset,USB\VID_047F&PID_C056,,0,Normal
2024-03-13 09:05:50,tphillips,WIN-SALES-003,10.10.5.103,DeviceConnected,USB Headset,Plantronics Headset,USB\VID_047F&PID_C056,,0,Normal
2024-03-25 14:03:33,kcox,WIN-OPS-001,10.10.8.101,DeviceConnected,USB Keyboard,Logitech K380,USB\VID_046D&PID_C52B,,0,Normal
2024-03-02 15:06:50,gbell,WIN-MKT-006,10.10.6.106,DeviceConnected,USB Mouse,Logitech M500,USB\VID_046D&PID_C07E,,0,Normal
2024-03-14 11:40:12,kgreen,WIN-IT-004,10.10.3.104,DeviceConnected,USB Keyboard,Logitech K380,USB\VID_046D&PID_C52B,,0,Normal
2024-03-02 14:01:36,fmorgan,WIN-MKT-005,10.10.6.105,DeviceConnected,USB Mouse,Logitech M500,USB\VID_046D&PID_C07E,,0,Normal
2024-03-16 13:52:43,ladams,WIN-IT-005,10.10.3.105,DeviceConnected,USB Keyboard,Logitech K380,USB\VID_046D&PID_C52B,,0,Normal
2024-03-09 08:30:30,ucampbell,WIN-SALES-004,10.10.5.104,DeviceConnected,USB Keyboard,Logitech K380,USB\VID_046D&PID_C52B,,0,Normal
2024-03-20 16:15:59,crogers,WIN-MKT-002,10.10.6.102,DeviceConnected,USB Mouse,Logitech M500,USB\VID_046D&PID_C07E,,0,Normal
2024-03-18 14:00:19,rsanders,WIN-RD-003,10.10.9.103,DeviceConnected,USB Headset,Plantronics Headset,USB\VID_047F&PID_C056,,0,Normal
2024-03-27 12:42:59,fclark,WIN-FIN-006,10.10.2.106,DeviceConnected,USB Mouse,Logitech M500,USB\VID_046D&PID_C07E,,0,Normal
2024-03-21 12:41:42,qkelly,WIN-RD-002,10.10.9.102,DeviceConnected,USB Headset,Plantronics Headset,USB\VID_047F&PID_C056,,0,Normal
2024-03-19 13:54:52,lward,WIN-OPS-002,10.10.8.102,DeviceConnected,USB Keyboard,Logitech K380,USB\VID_046D&PID_C52B,,0,Normal
2024-03-06 17:04:59,nnelson,WIN-SOC-002,10.10.4.102,DeviceConnected,USB Keyboard,Logitech K380,USB\VID_046D&PID_C52B,,0,Normal
2024-03-19 11:48:43,owatson,WIN-OPS-005,10.10.8.105,DeviceConnected,USB Keyboard,Logitech K380,USB\VID_046D&PID_C52B,,0,Normal
2024-03-02 15:30:14,ucampbell,WIN-SALES-004,10.10.5.104,DeviceConnected,USB Mouse,Logitech M500,USB\VID_046D&PID_C07E,,0,Normal
2024-03-10 17:52:31,fmorgan,WIN-MKT-005,10.10.6.105,DeviceConnected,USB Headset,Plantronics Headset,USB\VID_047F&PID_C056,,0,Normal
2024-03-01 12:53:06,nnelson,WIN-SOC-002,10.10.4.102,DeviceConnected,USB Mouse,Logitech M500,USB\VID_046D&PID_C07E,,0,Normal
2024-03-17 08:33:05,ibailey,WIN-EXEC-002,10.10.7.102,DeviceConnected,USB Mouse,Logitech M500,USB\VID_046D&PID_C07E,,0,Normal
2024-03-17 15:09:08,sprice,WIN-RD-004,10.10.9.104,DeviceConnected,USB Mouse,Logitech M500,USB\VID_046D&PID_C07E,,0,Normal
2024-03-28 14:07:51,lward,WIN-OPS-002,10.10.8.102,DeviceConnected,USB Headset,Plantronics Headset,USB\VID_047F&PID_C056,,0,Normal
2024-03-30 13:35:25,glewis,WIN-FIN-007,10.10.2.107,DeviceConnected,USB Mouse,Logitech M500,USB\VID_046D&PID_C07E,,0,Normal
2024-03-24 09:33:19,kjones,WIN-HR-005,10.10.1.105,DeviceConnected,USB Headset,Plantronics Headset,USB\VID_047F&PID_C056,,0,Normal
2024-03-29 13:41:12,iwalker,WIN-IT-002,10.10.3.102,DeviceConnected,USB Headset,Plantronics Headset,USB\VID_047F&PID_C056,,0,Normal
2024-03-01 11:49:59,dlee,WIN-FIN-004,10.10.2.104,DeviceConnected,USB Mouse,Logitech M500,USB\VID_046D&PID_C07E,,0,Normal
2024-03-19 11:31:15,sprice,WIN-RD-004,10.10.9.104,DeviceConnected,USB Keyboard,Logitech K380,USB\VID_046D&PID_C52B,,0,Normal
2024-03-02 10:54:25,ucampbell,WIN-SALES-004,10.10.5.104,DeviceConnected,USB Headset,Plantronics Headset,USB\VID_047F&PID_C056,,0,Normal
2024-03-13 08:08:10,sturner,WIN-SALES-002,10.10.5.102,DeviceConnected,USB Keyboard,Logitech K380,USB\VID_046D&PID_C52B,,0,Normal
2024-03-01 09:00:07,ocarter,WIN-SOC-003,10.10.4.103,DeviceConnected,USB Keyboard,Logitech K380,USB\VID_046D&PID_C52B,,0,Normal
2024-03-11 10:15:45,mwilson,WIN-HR-002,10.10.1.102,DeviceConnected,USB Keyboard,Logitech K380,USB\VID_046D&PID_C52B,,0,Normal
2024-03-05 14:26:15,ibailey,WIN-EXEC-002,10.10.7.102,DeviceConnected,USB Headset,Plantronics Headset,USB\VID_047F&PID_C056,,0,Normal
2024-03-20 12:24:48,vparker,WIN-SALES-005,10.10.5.105,DeviceConnected,USB Headset,Plantronics Headset,USB\VID_047F&PID_C056,,0,Normal
2024-03-17 09:54:37,pmitchell,WIN-SOC-004,10.10.4.104,DeviceConnected,USB Keyboard,Logitech K380,USB\VID_046D&PID_C52B,,0,Normal
2024-03-14 15:37:38,qkelly,WIN-RD-002,10.10.9.102,DeviceConnected,USB Keyboard,Logitech K380,USB\VID_046D&PID_C52B,,0,Normal
2024-03-26 12:46:15,owatson,WIN-OPS-005,10.10.8.105,DeviceConnected,USB Headset,Plantronics Headset,USB\VID_047F&PID_C056,,0,Normal
2024-03-24 12:23:26,eharris,WIN-FIN-005,10.10.2.105,DeviceConnected,USB Mouse,Logitech M500,USB\VID_046D&PID_C07E,,0,Normal
2024-03-11 10:27:17,bmorris,WIN-MKT-001,10.10.6.101,DeviceConnected,USB Headset,Plantronics Headset,USB\VID_047F&PID_C056,,0,Normal
2024-03-27 16:50:27,kjones,WIN-HR-005,10.10.1.105,DeviceConnected,USB Headset,Plantronics Headset,USB\VID_047F&PID_C056,,0,Normal
2024-03-17 15:18:07,ptaylor,WIN-HR-003,10.10.1.103,DeviceConnected,USB Headset,Plantronics Headset,USB\VID_047F&PID_C056,,0,Normal
2024-03-17 08:17:39,rthompson,WIN-FIN-001,10.10.2.101,DeviceConnected,USB Headset,Plantronics Headset,USB\VID_047F&PID_C056,,0,Normal
2024-03-29 12:15:33,pbrooks,WIN-RD-001,10.10.9.101,DeviceConnected,USB Mouse,Logitech M500,USB\VID_046D&PID_C07E,,0,Normal
2024-03-16 08:30:40,ibailey,WIN-EXEC-002,10.10.7.102,DeviceConnected,USB Mouse,Logitech M500,USB\VID_046D&PID_C07E,,0,Normal
2024-03-05 13:18:15,ptaylor,WIN-HR-003,10.10.1.103,DeviceConnected,USB Keyboard,Logitech K380,USB\VID_046D&PID_C52B,,0,Normal
2024-03-10 17:13:57,gbell,WIN-MKT-006,10.10.6.106,DeviceConnected,USB Headset,Plantronics Headset,USB\VID_047F&PID_C056,,0,Normal
2024-03-19 16:31:30,ocarter,WIN-SOC-003,10.10.4.103,DeviceConnected,USB Headset,Plantronics Headset,USB\VID_047F&PID_C056,,0,Normal
2024-03-03 10:05:38,jsmith,WIN-HR-001,10.10.1.101,DeviceConnected,USB Keyboard,Logitech K380,USB\VID_046D&PID_C52B,,0,Normal
2024-03-08 11:07:05,cwhite,WIN-FIN-003,10.10.2.103,DeviceConnected,USB Keyboard,Logitech K380,USB\VID_046D&PID_C52B,,0,Normal
2024-03-20 09:51:27,amartin,WIN-FIN-002,10.10.2.102,DeviceConnected,USB Headset,Plantronics Headset,USB\VID_047F&PID_C056,,0,Normal
2024-03-07 09:47:32,yedwards,WIN-SALES-008,10.10.5.108,DeviceConnected,USB Headset,Plantronics Headset,USB\VID_047F&PID_C056,,0,Normal
2024-03-23 09:48:00,dlee,WIN-FIN-004,10.10.2.104,DeviceConnected,USB Mouse,Logitech M500,USB\VID_046D&PID_C07E,,0,Normal
2024-03-10 14:19:32,hrobinson,WIN-IT-001,10.10.3.101,DeviceConnected,USB Mouse,Logitech M500,USB\VID_046D&PID_C07E,,0,Normal
2024-03-15 14:31:31,jscott,WIN-IT-003,10.10.3.103,DeviceConnected,USB Mouse,Logitech M500,USB\VID_046D&PID_C07E,,0,Normal
2024-03-16 08:22:29,mbaker,WIN-SOC-001,10.10.4.101,DeviceConnected,USB Keyboard,Logitech K380,USB\VID_046D&PID_C52B,,0,Normal
2024-03-13 17:54:09,ucampbell,WIN-SALES-004,10.10.5.104,DeviceConnected,USB Headset,Plantronics Headset,USB\VID_047F&PID_C056,,0,Normal
2024-03-15 11:28:54,fmorgan,WIN-MKT-005,10.10.6.105,DeviceConnected,USB Mouse,Logitech M500,USB\VID_046D&PID_C07E,,0,Normal
2024-03-26 16:29:19,hmurphy,WIN-EXEC-001,10.10.7.101,DeviceConnected,USB Headset,Plantronics Headset,USB\VID_047F&PID_C056,,0,Normal
2024-03-15 10:00:13,wevans,WIN-SALES-006,10.10.5.106,DeviceConnected,USB Keyboard,Logitech K380,USB\VID_046D&PID_C52B,,0,Normal
2024-03-19 10:47:14,tphillips,WIN-SALES-003,10.10.5.103,DeviceConnected,USB Mouse,Logitech M500,USB\VID_046D&PID_C07E,,0,Normal
2024-03-19 09:50:09,bmorris,WIN-MKT-001,10.10.6.101,DeviceConnected,USB Headset,Plantronics Headset,USB\VID_047F&PID_C056,,0,Normal
2024-03-28 15:08:15,glewis,WIN-FIN-007,10.10.2.107,DeviceConnected,USB Keyboard,Logitech K380,USB\VID_046D&PID_C52B,,0,Normal
2024-03-23 10:55:53,ladams,WIN-IT-005,10.10.3.105,DeviceConnected,USB Headset,Plantronics Headset,USB\VID_047F&PID_C056,,0,Normal
2024-03-15 08:35:29,rthompson,WIN-FIN-001,10.10.2.101,DeviceConnected,USB Mouse,Logitech M500,USB\VID_046D&PID_C07E,,0,Normal
2024-03-23 13:58:07,iwalker,WIN-IT-002,10.10.3.102,DeviceConnected,USB Keyboard,Logitech K380,USB\VID_046D&PID_C52B,,0,Normal
2024-03-02 15:45:00,dreed,WIN-MKT-003,10.10.6.103,DeviceConnected,USB Headset,Plantronics Headset,USB\VID_047F&PID_C056,,0,Normal
2024-03-02 16:12:46,wevans,WIN-SALES-006,10.10.5.106,DeviceConnected,USB Mouse,Logitech M500,USB\VID_046D&PID_C07E,,0,Normal
2024-03-17 11:01:37,dreed,WIN-MKT-003,10.10.6.103,DeviceConnected,USB Keyboard,Logitech K380,USB\VID_046D&PID_C52B,,0,Normal
2024-03-08 16:17:05,rthompson,WIN-FIN-001,10.10.2.101,DeviceConnected,USB Keyboard,Logitech K380,USB\VID_046D&PID_C52B,,0,Normal
2024-03-03 16:11:01,tphillips,WIN-SALES-003,10.10.5.103,DeviceConnected,USB Mouse,Logitech M500,USB\VID_046D&PID_C07E,,0,Normal
2024-03-26 10:55:21,qperez,WIN-SOC-005,10.10.4.105,DeviceConnected,USB Headset,Plantronics Headset,USB\VID_047F&PID_C056,,0,Normal
2024-03-13 08:13:50,amartin,WIN-FIN-002,10.10.2.102,DeviceConnected,USB Keyboard,Logitech K380,USB\VID_046D&PID_C52B,,0,Normal
2024-03-25 15:10:27,mbaker,WIN-SOC-001,10.10.4.101,DeviceConnected,USB Keyboard,Logitech K380,USB\VID_046D&PID_C52B,,0,Normal
2024-03-06 12:22:51,glewis,WIN-FIN-007,10.10.2.107,DeviceConnected,USB Mouse,Logitech M500,USB\VID_046D&PID_C07E,,0,Normal
2024-03-17 10:08:14,glewis,WIN-FIN-007,10.10.2.107,DeviceConnected,USB Headset,Plantronics Headset,USB\VID_047F&PID_C056,,0,Normal
2024-03-19 15:21:01,glewis,WIN-FIN-007,10.10.2.107,DeviceConnected,USB Keyboard,Logitech K380,USB\VID_046D&PID_C52B,,0,Normal
2024-03-04 12:23:57,ptaylor,WIN-HR-003,10.10.1.103,DeviceConnected,USB Mouse,Logitech M500,USB\VID_046D&PID_C07E,,0,Normal
2024-03-20 16:53:56,owatson,WIN-OPS-005,10.10.8.105,DeviceConnected,USB Headset,Plantronics Headset,USB\VID_047F&PID_C056,,0,Normal
2024-03-14 09:42:30,crogers,WIN-MKT-002,10.10.6.102,DeviceConnected,USB Keyboard,Logitech K380,USB\VID_046D&PID_C52B,,0,Normal
2024-03-10 15:52:45,wevans,WIN-SALES-006,10.10.5.106,DeviceConnected,USB Mouse,Logitech M500,USB\VID_046D&PID_C07E,,0,Normal
2024-03-20 10:06:36,rsanders,WIN-RD-003,10.10.9.103,DeviceConnected,USB Mouse,Logitech M500,USB\VID_046D&PID_C07E,,0,Normal
2024-03-17 16:00:02,mwilson,WIN-HR-002,10.10.1.102,DeviceConnected,USB Keyboard,Logitech K380,USB\VID_046D&PID_C52B,,0,Normal
2024-03-26 09:36:07,ecook,WIN-MKT-004,10.10.6.104,DeviceConnected,USB Mouse,Logitech M500,USB\VID_046D&PID_C07E,,0,Normal
2024-03-29 10:58:17,pbrooks,WIN-RD-001,10.10.9.101,DeviceConnected,USB Keyboard,Logitech K380,USB\VID_046D&PID_C52B,,0,Normal
2024-03-15 08:42:25,ladams,WIN-IT-005,10.10.3.105,DeviceConnected,USB Keyboard,Logitech K380,USB\VID_046D&PID_C52B,,0,Normal
2024-03-05 09:59:53,kgreen,WIN-IT-004,10.10.3.104,DeviceConnected,USB Mouse,Logitech M500,USB\VID_046D&PID_C07E,,0,Normal
2024-03-03 10:48:23,pmitchell,WIN-SOC-004,10.10.4.104,DeviceConnected,USB Headset,Plantronics Headset,USB\VID_047F&PID_C056,,0,Normal
2024-03-03 10:33:22,cwhite,WIN-FIN-003,10.10.2.103,DeviceConnected,USB Mouse,Logitech M500,USB\VID_046D&PID_C07E,,0,Normal
2024-03-23 16:12:23,ecook,WIN-MKT-004,10.10.6.104,DeviceConnected,USB Headset,Plantronics Headset,USB\VID_047F&PID_C056,,0,Normal
2024-03-01 14:06:49,kjones,WIN-HR-005,10.10.1.105,DeviceConnected,USB Headset,Plantronics Headset,USB\VID_047F&PID_C056,,0,Normal
2024-03-01 12:59:25,kgreen,WIN-IT-004,10.10.3.104,DeviceConnected,USB Mouse,Logitech M500,USB\VID_046D&PID_C07E,,0,Normal
2024-03-28 16:09:23,jrivera,WIN-EXEC-003,10.10.7.103,DeviceConnected,USB Headset,Plantronics Headset,USB\VID_047F&PID_C056,,0,Normal
2024-03-13 17:39:28,iwalker,WIN-IT-002,10.10.3.102,DeviceConnected,USB Mouse,Logitech M500,USB\VID_046D&PID_C07E,,0,Normal
2024-03-25 15:09:44,yedwards,WIN-SALES-008,10.10.5.108,DeviceConnected,USB Keyboard,Logitech K380,USB\VID_046D&PID_C52B,,0,Normal
2024-03-05 17:12:21,lbrown,WIN-HR-004,10.10.1.104,DeviceConnected,USB Keyboard,Logitech K380,USB\VID_046D&PID_C52B,,0,Normal
2024-03-20 10:50:00,fclark,WIN-FIN-006,10.10.2.106,DeviceConnected,USB Mouse,Logitech M500,USB\VID_046D&PID_C07E,,0,Normal
2024-03-12 17:16:36,wevans,WIN-SALES-006,10.10.5.106,DeviceConnected,USB Keyboard,Logitech K380,USB\VID_046D&PID_C52B,,0,Normal
2024-03-26 15:01:03,gbell,WIN-MKT-006,10.10.6.106,DeviceConnected,USB Headset,Plantronics Headset,USB\VID_047F&PID_C056,,0,Normal
2024-03-22 12:37:41,jrivera,WIN-EXEC-003,10.10.7.103,DeviceConnected,USB Keyboard,Logitech K380,USB\VID_046D&PID_C52B,,0,Normal
2024-03-30 11:06:03,cwhite,WIN-FIN-003,10.10.2.103,DeviceConnected,USB Headset,Plantronics Headset,USB\VID_047F&PID_C056,,0,Normal
2024-03-07 13:23:21,rroberts,WIN-SALES-001,10.10.5.101,DeviceConnected,USB Mouse,Logitech M500,USB\VID_046D&PID_C07E,,0,Normal
2024-03-11 16:14:23,qperez,WIN-SOC-005,10.10.4.105,DeviceConnected,USB Keyboard,Logitech K380,USB\VID_046D&PID_C52B,,0,Normal
2024-03-21 11:52:37,fmorgan,WIN-MKT-005,10.10.6.105,DeviceConnected,USB Keyboard,Logitech K380,USB\VID_046D&PID_C52B,,0,Normal
2024-03-08 17:00:53,ibailey,WIN-EXEC-002,10.10.7.102,DeviceConnected,USB Mouse,Logitech M500,USB\VID_046D&PID_C07E,,0,Normal
2024-03-25 16:58:19,eharris,WIN-FIN-005,10.10.2.105,DeviceConnected,USB Headset,Plantronics Headset,USB\VID_047F&PID_C056,,0,Normal
2024-03-05 15:04:59,dlee,WIN-FIN-004,10.10.2.104,DeviceConnected,USB Keyboard,Logitech K380,USB\VID_046D&PID_C52B,,0,Normal
2024-03-19 11:47:26,pbrooks,WIN-RD-001,10.10.9.101,DeviceConnected,USB Keyboard,Logitech K380,USB\VID_046D&PID_C52B,,0,Normal
2024-03-21 14:46:34,owatson,WIN-OPS-005,10.10.8.105,DeviceConnected,USB Keyboard,Logitech K380,USB\VID_046D&PID_C52B,,0,Normal
2024-03-26 13:36:31,iwalker,WIN-IT-002,10.10.3.102,DeviceConnected,USB Mouse,Logitech M500,USB\VID_046D&PID_C07E,,0,Normal
2024-03-20 10:28:44,ocarter,WIN-SOC-003,10.10.4.103,DeviceConnected,USB Keyboard,Logitech K380,USB\VID_046D&PID_C52B,,0,Normal
2024-03-19 11:53:33,glewis,WIN-FIN-007,10.10.2.107,DeviceConnected,USB Headset,Plantronics Headset,USB\VID_047F&PID_C056,,0,Normal
2024-03-09 08:42:29,hmurphy,WIN-EXEC-001,10.10.7.101,DeviceConnected,USB Mouse,Logitech M500,USB\VID_046D&PID_C07E,,0,Normal
2024-03-06 17:06:45,owatson,WIN-OPS-005,10.10.8.105,DeviceConnected,USB Headset,Plantronics Headset,USB\VID_047F&PID_C056,,0,Normal
2024-03-25 10:44:19,ptaylor,WIN-HR-003,10.10.1.103,DeviceConnected,USB Mouse,Logitech M500,USB\VID_046D&PID_C07E,,0,Normal
2024-03-27 10:00:43,jsmith,WIN-HR-001,10.10.1.101,DeviceConnected,USB Keyboard,Logitech K380,USB\VID_046D&PID_C52B,,0,Normal
2024-03-12 08:12:17,fclark,WIN-FIN-006,10.10.2.106,DeviceConnected,USB Keyboard,Logitech K380,USB\VID_046D&PID_C52B,,0,Normal
2024-03-27 14:03:37,zstewart,WIN-SALES-009,10.10.5.109,DeviceConnected,USB Keyboard,Logitech K380,USB\VID_046D&PID_C52B,,0,Normal
2024-03-29 14:50:08,jrivera,WIN-EXEC-003,10.10.7.103,DeviceConnected,USB Headset,Plantronics Headset,USB\VID_047F&PID_C056,,0,Normal
2024-03-04 11:09:02,amartin,WIN-FIN-002,10.10.2.102,DeviceConnected,USB Keyboard,Logitech K380,USB\VID_046D&PID_C52B,,0,Normal
2024-03-08 10:59:46,fmorgan,WIN-MKT-005,10.10.6.105,DeviceConnected,USB Headset,Plantronics Headset,USB\VID_047F&PID_C056,,0,Normal
2024-03-15 12:01:27,cwhite,WIN-FIN-003,10.10.2.103,DeviceConnected,USB Headset,Plantronics Headset,USB\VID_047F&PID_C056,,0,Normal
2024-03-09 14:56:14,xcollins,WIN-SALES-007,10.10.5.107,DeviceConnected,USB Headset,Plantronics Headset,USB\VID_047F&PID_C056,,0,Normal
2024-03-08 14:28:10,cwhite,WIN-FIN-003,10.10.2.103,DeviceConnected,USB Keyboard,Logitech K380,USB\VID_046D&PID_C52B,,0,Normal
2024-03-08 10:01:42,lward,WIN-OPS-002,10.10.8.102,DeviceConnected,USB Keyboard,Logitech K380,USB\VID_046D&PID_C52B,,0,Normal
2024-03-24 16:55:52,kcox,WIN-OPS-001,10.10.8.101,DeviceConnected,USB Headset,Plantronics Headset,USB\VID_047F&PID_C056,,0,Normal
2024-03-23 10:31:43,qperez,WIN-SOC-005,10.10.4.105,DeviceConnected,USB Headset,Plantronics Headset,USB\VID_047F&PID_C056,,0,Normal
2024-03-27 12:52:11,lward,WIN-OPS-002,10.10.8.102,DeviceConnected,USB Keyboard,Logitech K380,USB\VID_046D&PID_C52B,,0,Normal
2024-03-29 09:35:44,nwood,WIN-OPS-004,10.10.8.104,DeviceConnected,USB Headset,Plantronics Headset,USB\VID_047F&PID_C056,,0,Normal
2024-03-03 12:05:58,kjones,WIN-HR-005,10.10.1.105,DeviceConnected,USB Headset,Plantronics Headset,USB\VID_047F&PID_C056,,0,Normal
2024-03-11 14:29:49,gbell,WIN-MKT-006,10.10.6.106,DeviceConnected,USB Keyboard,Logitech K380,USB\VID_046D&PID_C52B,,0,Normal
2024-03-24 17:46:30,zstewart,WIN-SALES-009,10.10.5.109,DeviceConnected,USB Mouse,Logitech M500,USB\VID_046D&PID_C07E,,0,Normal
2024-03-19 09:26:55,glewis,WIN-FIN-007,10.10.2.107,DeviceConnected,USB Headset,Plantronics Headset,USB\VID_047F&PID_C056,,0,Normal
2024-03-07 14:47:41,pbrooks,WIN-RD-001,10.10.9.101,DeviceConnected,USB Keyboard,Logitech K380,USB\VID_046D&PID_C52B,,0,Normal
2024-03-11 13:28:10,dlee,WIN-FIN-004,10.10.2.104,DeviceConnected,USB Mouse,Logitech M500,USB\VID_046D&PID_C07E,,0,Normal
2024-03-24 10:21:20,yedwards,WIN-SALES-008,10.10.5.108,DeviceConnected,USB Keyboard,Logitech K380,USB\VID_046D&PID_C52B,,0,Normal
2024-03-06 17:18:30,yedwards,WIN-SALES-008,10.10.5.108,DeviceConnected,USB Mouse,Logitech M500,USB\VID_046D&PID_C07E,,0,Normal
2024-03-17 11:27:14,qperez,WIN-SOC-005,10.10.4.105,DeviceConnected,USB Mouse,Logitech M500,USB\VID_046D&PID_C07E,,0,Normal
2024-03-25 15:20:48,tphillips,WIN-SALES-003,10.10.5.103,DeviceConnected,USB Headset,Plantronics Headset,USB\VID_047F&PID_C056,,0,Normal
2024-03-05 17:46:12,ptaylor,WIN-HR-003,10.10.1.103,DeviceConnected,USB Headset,Plantronics Headset,USB\VID_047F&PID_C056,,0,Normal
2024-03-11 09:54:40,amartin,WIN-FIN-002,10.10.2.102,DeviceConnected,USB Mouse,Logitech M500,USB\VID_046D&PID_C07E,,0,Normal
2024-03-18 12:31:51,fclark,WIN-FIN-006,10.10.2.106,DeviceConnected,USB Keyboard,Logitech K380,USB\VID_046D&PID_C52B,,0,Normal
2024-03-14 11:17:40,ibailey,WIN-EXEC-002,10.10.7.102,DeviceConnected,USB Keyboard,Logitech K380,USB\VID_046D&PID_C52B,,0,Normal
2024-03-29 17:19:19,lward,WIN-OPS-002,10.10.8.102,DeviceConnected,USB Keyboard,Logitech K380,USB\VID_046D&PID_C52B,,0,Normal
2024-03-18 10:19:32,rroberts,WIN-SALES-001,10.10.5.101,DeviceConnected,USB Headset,Plantronics Headset,USB\VID_047F&PID_C056,,0,Normal
2024-03-01 08:03:11,iwalker,WIN-IT-002,10.10.3.102,DeviceConnected,USB Mouse,Logitech M500,USB\VID_046D&PID_C07E,,0,Normal
2024-03-12 12:48:33,nwood,WIN-OPS-004,10.10.8.104,DeviceConnected,USB Headset,Plantronics Headset,USB\VID_047F&PID_C056,,0,Normal
2024-03-13 14:35:32,ptaylor,WIN-HR-003,10.10.1.103,DeviceConnected,USB Headset,Plantronics Headset,USB\VID_047F&PID_C056,,0,Normal
2024-03-24 09:12:32,rroberts,WIN-SALES-001,10.10.5.101,DeviceConnected,USB Mouse,Logitech M500,USB\VID_046D&PID_C07E,,0,Normal
2024-03-08 11:03:07,kcox,WIN-OPS-001,10.10.8.101,DeviceConnected,USB Mouse,Logitech M500,USB\VID_046D&PID_C07E,,0,Normal
2024-03-12 16:32:17,rroberts,WIN-SALES-001,10.10.5.101,DeviceConnected,USB Headset,Plantronics Headset,USB\VID_047F&PID_C056,,0,Normal
2024-03-27 12:05:52,tphillips,WIN-SALES-003,10.10.5.103,DeviceConnected,USB Headset,Plantronics Headset,USB\VID_047F&PID_C056,,0,Normal
2024-03-27 10:05:17,lbrown,WIN-HR-004,10.10.1.104,DeviceConnected,USB Keyboard,Logitech K380,USB\VID_046D&PID_C52B,,0,Normal
2024-03-21 13:02:09,rthompson,WIN-FIN-001,10.10.2.101,DeviceConnected,USB Headset,Plantronics Headset,USB\VID_047F&PID_C056,,0,Normal
2024-03-22 09:29:58,ucampbell,WIN-SALES-004,10.10.5.104,DeviceConnected,USB Headset,Plantronics Headset,USB\VID_047F&PID_C056,,0,Normal
2024-03-04 17:28:22,gbell,WIN-MKT-006,10.10.6.106,DeviceConnected,USB Headset,Plantronics Headset,USB\VID_047F&PID_C056,,0,Normal
2024-03-23 12:39:35,fmorgan,WIN-MKT-005,10.10.6.105,DeviceConnected,USB Mouse,Logitech M500,USB\VID_046D&PID_C07E,,0,Normal
2024-03-30 14:48:48,mwilson,WIN-HR-002,10.10.1.102,DeviceConnected,USB Mouse,Logitech M500,USB\VID_046D&PID_C07E,,0,Normal
2024-03-29 17:55:39,fclark,WIN-FIN-006,10.10.2.106,DeviceConnected,USB Headset,Plantronics Headset,USB\VID_047F&PID_C056,,0,Normal
2024-03-04 16:17:25,sturner,WIN-SALES-002,10.10.5.102,DeviceConnected,USB Keyboard,Logitech K380,USB\VID_046D&PID_C52B,,0,Normal
2024-03-04 12:12:27,nwood,WIN-OPS-004,10.10.8.104,DeviceConnected,USB Mouse,Logitech M500,USB\VID_046D&PID_C07E,,0,Normal
2024-03-07 09:17:02,ladams,WIN-IT-005,10.10.3.105,DeviceConnected,USB Mouse,Logitech M500,USB\VID_046D&PID_C07E,,0,Normal
2024-03-15 16:49:58,qkelly,WIN-RD-002,10.10.9.102,DeviceConnected,USB Headset,Plantronics Headset,USB\VID_047F&PID_C056,,0,Normal
2024-03-05 14:38:14,jsmith,WIN-HR-001,10.10.1.101,DeviceConnected,USB Mouse,Logitech M500,USB\VID_046D&PID_C07E,,0,Normal
2024-03-27 12:43:06,amartin,WIN-FIN-002,10.10.2.102,DeviceConnected,USB Keyboard,Logitech K380,USB\VID_046D&PID_C52B,,0,Normal
2024-03-23 11:38:37,vparker,WIN-SALES-005,10.10.5.105,DeviceConnected,USB Mouse,Logitech M500,USB\VID_046D&PID_C07E,,0,Normal
2024-03-20 13:42:04,xcollins,WIN-SALES-007,10.10.5.107,DeviceConnected,USB Keyboard,Logitech K380,USB\VID_046D&PID_C52B,,0,Normal
2024-03-04 10:18:44,dlee,WIN-FIN-004,10.10.2.104,DeviceConnected,USB Mouse,Logitech M500,USB\VID_046D&PID_C07E,,0,Normal
2024-03-04 16:57:20,rthompson,WIN-FIN-001,10.10.2.101,DeviceConnected,USB Keyboard,Logitech K380,USB\VID_046D&PID_C52B,,0,Normal
2024-03-21 16:23:07,mbaker,WIN-SOC-001,10.10.4.101,DeviceConnected,USB Mouse,Logitech M500,USB\VID_046D&PID_C07E,,0,Normal
2024-03-04 15:36:23,glewis,WIN-FIN-007,10.10.2.107,DeviceConnected,USB Keyboard,Logitech K380,USB\VID_046D&PID_C52B,,0,Normal
2024-03-26 11:34:34,qkelly,WIN-RD-002,10.10.9.102,DeviceConnected,USB Mouse,Logitech M500,USB\VID_046D&PID_C07E,,0,Normal
2024-03-21 08:55:34,asanchez,WIN-SALES-010,10.10.5.110,DeviceConnected,USB Keyboard,Logitech K380,USB\VID_046D&PID_C52B,,0,Normal
2024-03-12 09:40:39,nnelson,WIN-SOC-002,10.10.4.102,DeviceConnected,USB Headset,Plantronics Headset,USB\VID_047F&PID_C056,,0,Normal
2024-03-10 16:35:08,rthompson,WIN-FIN-001,10.10.2.101,DeviceConnected,USB Mouse,Logitech M500,USB\VID_046D&PID_C07E,,0,Normal
2024-03-19 17:32:08,dreed,WIN-MKT-003,10.10.6.103,DeviceConnected,USB Headset,Plantronics Headset,USB\VID_047F&PID_C056,,0,Normal
2024-03-20 10:55:00,qperez,WIN-SOC-005,10.10.4.105,DeviceConnected,USB Keyboard,Logitech K380,USB\VID_046D&PID_C52B,,0,Normal
2024-03-01 16:38:11,dlee,WIN-FIN-004,10.10.2.104,DeviceConnected,USB Headset,Plantronics Headset,USB\VID_047F&PID_C056,,0,Normal
2024-03-14 17:09:01,vparker,WIN-SALES-005,10.10.5.105,DeviceConnected,USB Keyboard,Logitech K380,USB\VID_046D&PID_C52B,,0,Normal
2024-03-12 10:23:40,jsmith,WIN-HR-001,10.10.1.101,DeviceConnected,USB Keyboard,Logitech K380,USB\VID_046D&PID_C52B,,0,Normal
2024-03-12 16:53:14,iwalker,WIN-IT-002,10.10.3.102,DeviceConnected,USB Headset,Plantronics Headset,USB\VID_047F&PID_C056,,0,Normal
2024-03-22 09:03:52,mwilson,WIN-HR-002,10.10.1.102,DeviceConnected,USB Mouse,Logitech M500,USB\VID_046D&PID_C07E,,0,Normal
2024-03-19 08:55:54,kgreen,WIN-IT-004,10.10.3.104,DeviceConnected,USB Mouse,Logitech M500,USB\VID_046D&PID_C07E,,0,Normal
2024-03-08 12:51:55,dreed,WIN-MKT-003,10.10.6.103,DeviceConnected,USB Mouse,Logitech M500,USB\VID_046D&PID_C07E,,0,Normal
2024-03-07 12:03:19,gbell,WIN-MKT-006,10.10.6.106,DeviceConnected,USB Mouse,Logitech M500,USB\VID_046D&PID_C07E,,0,Normal
2024-03-25 12:37:28,zstewart,WIN-SALES-009,10.10.5.109,DeviceConnected,USB Mouse,Logitech M500,USB\VID_046D&PID_C07E,,0,Normal
2024-03-04 11:11:16,rroberts,WIN-SALES-001,10.10.5.101,DeviceConnected,USB Keyboard,Logitech K380,USB\VID_046D&PID_C52B,,0,Normal
2024-03-08 14:24:38,rsanders,WIN-RD-003,10.10.9.103,DeviceConnected,USB Headset,Plantronics Headset,USB\VID_047F&PID_C056,,0,Normal
2024-03-29 14:09:18,gbell,WIN-MKT-006,10.10.6.106,DeviceConnected,USB Headset,Plantronics Headset,USB\VID_047F&PID_C056,,0,Normal
2024-03-03 17:03:44,mwilson,WIN-HR-002,10.10.1.102,DeviceConnected,USB Headset,Plantronics Headset,USB\VID_047F&PID_C056,,0,Normal
2024-03-09 17:17:46,zstewart,WIN-SALES-009,10.10.5.109,DeviceConnected,USB Mouse,Logitech M500,USB\VID_046D&PID_C07E,,0,Normal
2024-03-22 16:21:13,cwhite,WIN-FIN-003,10.10.2.103,DeviceConnected,USB Keyboard,Logitech K380,USB\VID_046D&PID_C52B,,0,Normal
2024-03-24 15:55:54,dreed,WIN-MKT-003,10.10.6.103,DeviceConnected,USB Headset,Plantronics Headset,USB\VID_047F&PID_C056,,0,Normal
2024-03-13 13:59:06,amartin,WIN-FIN-002,10.10.2.102,DeviceConnected,USB Mouse,Logitech M500,USB\VID_046D&PID_C07E,,0,Normal
2024-03-17 14:08:14,fmorgan,WIN-MKT-005,10.10.6.105,DeviceConnected,USB Keyboard,Logitech K380,USB\VID_046D&PID_C52B,,0,Normal
2024-03-11 15:53:51,dreed,WIN-MKT-003,10.10.6.103,DeviceConnected,USB Headset,Plantronics Headset,USB\VID_047F&PID_C056,,0,Normal
2024-03-06 11:32:12,tphillips,WIN-SALES-003,10.10.5.103,DeviceConnected,USB Mouse,Logitech M500,USB\VID_046D&PID_C07E,,0,Normal
2024-03-11 09:00:12,ucampbell,WIN-SALES-004,10.10.5.104,DeviceConnected,USB Mouse,Logitech M500,USB\VID_046D&PID_C07E,,0,Normal
2024-03-08 14:18:04,vparker,WIN-SALES-005,10.10.5.105,DeviceConnected,USB Keyboard,Logitech K380,USB\VID_046D&PID_C52B,,0,Normal
2024-03-25 12:06:17,eharris,WIN-FIN-005,10.10.2.105,DeviceConnected,USB Mouse,Logitech M500,USB\VID_046D&PID_C07E,,0,Normal
2024-03-06 13:37:42,crogers,WIN-MKT-002,10.10.6.102,DeviceConnected,USB Keyboard,Logitech K380,USB\VID_046D&PID_C52B,,0,Normal
2024-03-28 10:09:26,kcox,WIN-OPS-001,10.10.8.101,DeviceConnected,USB Headset,Plantronics Headset,USB\VID_047F&PID_C056,,0,Normal
2024-03-10 09:08:43,rthompson,WIN-FIN-001,10.10.2.101,DeviceConnected,USB Mouse,Logitech M500,USB\VID_046D&PID_C07E,,0,Normal
2024-03-16 11:12:40,iwalker,WIN-IT-002,10.10.3.102,DeviceConnected,USB Headset,Plantronics Headset,USB\VID_047F&PID_C056,,0,Normal
2024-03-16 12:06:42,qperez,WIN-SOC-005,10.10.4.105,DeviceConnected,USB Keyboard,Logitech K380,USB\VID_046D&PID_C52B,,0,Normal
2024-03-13 16:33:05,ocarter,WIN-SOC-003,10.10.4.103,DeviceConnected,USB Mouse,Logitech M500,USB\VID_046D&PID_C07E,,0,Normal
2024-03-08 09:41:16,kcox,WIN-OPS-001,10.10.8.101,DeviceConnected,USB Mouse,Logitech M500,USB\VID_046D&PID_C07E,,0,Normal
2024-03-14 15:07:12,crogers,WIN-MKT-002,10.10.6.102,DeviceConnected,USB Headset,Plantronics Headset,USB\VID_047F&PID_C056,,0,Normal
2024-03-09 13:05:19,crogers,WIN-MKT-002,10.10.6.102,DeviceConnected,USB Keyboard,Logitech K380,USB\VID_046D&PID_C52B,,0,Normal
2024-03-11 09:46:58,ptaylor,WIN-HR-003,10.10.1.103,DeviceConnected,USB Headset,Plantronics Headset,USB\VID_047F&PID_C056,,0,Normal
2024-03-13 11:14:47,gbell,WIN-MKT-006,10.10.6.106,DeviceConnected,USB Headset,Plantronics Headset,USB\VID_047F&PID_C056,,0,Normal
2024-03-12 14:45:24,gbell,WIN-MKT-006,10.10.6.106,DeviceConnected,USB Headset,Plantronics Headset,USB\VID_047F&PID_C056,,0,Normal
2024-03-06 17:59:26,ucampbell,WIN-SALES-004,10.10.5.104,DeviceConnected,USB Keyboard,Logitech K380,USB\VID_046D&PID_C52B,,0,Normal
2024-03-12 11:07:54,wevans,WIN-SALES-006,10.10.5.106,DeviceConnected,USB Headset,Plantronics Headset,USB\VID_047F&PID_C056,,0,Normal
2024-03-19 09:47:01,mrichardson,WIN-OPS-003,10.10.8.103,DeviceConnected,USB Headset,Plantronics Headset,USB\VID_047F&PID_C056,,0,Normal
2024-03-28 15:27:08,mbaker,WIN-SOC-001,10.10.4.101,DeviceConnected,USB Mouse,Logitech M500,USB\VID_046D&PID_C07E,,0,Normal
2024-03-03 11:48:20,iwalker,WIN-IT-002,10.10.3.102,DeviceConnected,USB Keyboard,Logitech K380,USB\VID_046D&PID_C52B,,0,Normal
2024-03-18 09:54:42,kcox,WIN-OPS-001,10.10.8.101,DeviceConnected,USB Mouse,Logitech M500,USB\VID_046D&PID_C07E,,0,Normal
2024-03-08 13:14:11,mrichardson,WIN-OPS-003,10.10.8.103,DeviceConnected,USB Headset,Plantronics Headset,USB\VID_047F&PID_C056,,0,Normal
2024-03-06 14:00:16,owatson,WIN-OPS-005,10.10.8.105,DeviceConnected,USB Headset,Plantronics Headset,USB\VID_047F&PID_C056,,0,Normal
2024-03-05 13:41:38,sprice,WIN-RD-004,10.10.9.104,DeviceConnected,USB Mouse,Logitech M500,USB\VID_046D&PID_C07E,,0,Normal
2024-03-27 14:39:02,lward,WIN-OPS-002,10.10.8.102,DeviceConnected,USB Mouse,Logitech M500,USB\VID_046D&PID_C07E,,0,Normal
2024-03-24 11:42:52,wevans,WIN-SALES-006,10.10.5.106,DeviceConnected,USB Headset,Plantronics Headset,USB\VID_047F&PID_C056,,0,Normal
2024-03-10 08:22:39,owatson,WIN-OPS-005,10.10.8.105,DeviceConnected,USB Keyboard,Logitech K380,USB\VID_046D&PID_C52B,,0,Normal
2024-03-12 11:49:04,dlee,WIN-FIN-004,10.10.2.104,DeviceConnected,USB Headset,Plantronics Headset,USB\VID_047F&PID_C056,,0,Normal
2024-03-03 14:40:56,fmorgan,WIN-MKT-005,10.10.6.105,DeviceConnected,USB Keyboard,Logitech K380,USB\VID_046D&PID_C52B,,0,Normal
2024-03-07 12:54:00,lbrown,WIN-HR-004,10.10.1.104,DeviceConnected,USB Headset,Plantronics Headset,USB\VID_047F&PID_C056,,0,Normal
2024-03-23 10:59:37,mrichardson,WIN-OPS-003,10.10.8.103,DeviceConnected,USB Headset,Plantronics Headset,USB\VID_047F&PID_C056,,0,Normal
2024-03-27 17:06:51,ucampbell,WIN-SALES-004,10.10.5.104,DeviceConnected,USB Mouse,Logitech M500,USB\VID_046D&PID_C07E,,0,Normal
2024-03-01 14:13:09,jscott,WIN-IT-003,10.10.3.103,DeviceConnected,USB Mouse,Logitech M500,USB\VID_046D&PID_C07E,,0,Normal
2024-03-26 13:31:07,hrobinson,WIN-IT-001,10.10.3.101,DeviceConnected,USB Keyboard,Logitech K380,USB\VID_046D&PID_C52B,,0,Normal
2024-03-08 13:37:13,pbrooks,WIN-RD-001,10.10.9.101,DeviceConnected,USB Mouse,Logitech M500,USB\VID_046D&PID_C07E,,0,Normal
2024-03-24 12:00:58,xcollins,WIN-SALES-007,10.10.5.107,DeviceConnected,USB Headset,Plantronics Headset,USB\VID_047F&PID_C056,,0,Normal
2024-03-16 13:16:53,qkelly,WIN-RD-002,10.10.9.102,DeviceConnected,USB Headset,Plantronics Headset,USB\VID_047F&PID_C056,,0,Normal
2024-03-19 17:20:14,lward,WIN-OPS-002,10.10.8.102,DeviceConnected,USB Mouse,Logitech M500,USB\VID_046D&PID_C07E,,0,Normal
2024-03-25 10:47:54,jsmith,WIN-HR-001,10.10.1.101,DeviceConnected,USB Headset,Plantronics Headset,USB\VID_047F&PID_C056,,0,Normal
2024-03-12 12:55:01,nnelson,WIN-SOC-002,10.10.4.102,DeviceConnected,USB Headset,Plantronics Headset,USB\VID_047F&PID_C056,,0,Normal
2024-03-25 08:12:32,gbell,WIN-MKT-006,10.10.6.106,DeviceConnected,USB Headset,Plantronics Headset,USB\VID_047F&PID_C056,,0,Normal
2024-03-13 12:07:24,rthompson,WIN-FIN-001,10.10.2.101,DeviceConnected,USB Mouse,Logitech M500,USB\VID_046D&PID_C07E,,0,Normal
2024-03-04 14:52:01,rthompson,WIN-FIN-001,10.10.2.101,DeviceConnected,USB Keyboard,Logitech K380,USB\VID_046D&PID_C52B,,0,Normal
2024-03-14 17:17:21,ucampbell,WIN-SALES-004,10.10.5.104,DeviceConnected,USB Mouse,Logitech M500,USB\VID_046D&PID_C07E,,0,Normal
2024-03-16 16:44:59,glewis,WIN-FIN-007,10.10.2.107,DeviceConnected,USB Mouse,Logitech M500,USB\VID_046D&PID_C07E,,0,Normal
2024-03-12 17:14:55,ladams,WIN-IT-005,10.10.3.105,DeviceConnected,USB Keyboard,Logitech K380,USB\VID_046D&PID_C52B,,0,Normal
2024-03-07 17:17:53,jrivera,WIN-EXEC-003,10.10.7.103,DeviceConnected,USB Keyboard,Logitech K380,USB\VID_046D&PID_C52B,,0,Normal
2024-03-21 16:43:23,jsmith,WIN-HR-001,10.10.1.101,DeviceConnected,USB Headset,Plantronics Headset,USB\VID_047F&PID_C056,,0,Normal
2024-03-29 14:28:30,kcox,WIN-OPS-001,10.10.8.101,DeviceConnected,USB Headset,Plantronics Headset,USB\VID_047F&PID_C056,,0,Normal
2024-03-29 14:11:29,qkelly,WIN-RD-002,10.10.9.102,DeviceConnected,USB Mouse,Logitech M500,USB\VID_046D&PID_C07E,,0,Normal
2024-03-02 15:51:08,amartin,WIN-FIN-002,10.10.2.102,DeviceConnected,USB Keyboard,Logitech K380,USB\VID_046D&PID_C52B,,0,Normal
2024-03-14 08:36:11,wevans,WIN-SALES-006,10.10.5.106,DeviceConnected,USB Mouse,Logitech M500,USB\VID_046D&PID_C07E,,0,Normal
2024-03-08 10:25:52,glewis,WIN-FIN-007,10.10.2.107,DeviceConnected,USB Mouse,Logitech M500,USB\VID_046D&PID_C07E,,0,Normal
2024-03-06 16:57:20,tphillips,WIN-SALES-003,10.10.5.103,DeviceConnected,USB Keyboard,Logitech K380,USB\VID_046D&PID_C52B,,0,Normal
2024-03-01 10:45:20,zstewart,WIN-SALES-009,10.10.5.109,DeviceConnected,USB Headset,Plantronics Headset,USB\VID_047F&PID_C056,,0,Normal
2024-03-05 14:09:27,rthompson,WIN-FIN-001,10.10.2.101,DeviceConnected,USB Mouse,Logitech M500,USB\VID_046D&PID_C07E,,0,Normal
2024-03-14 17:55:41,vparker,WIN-SALES-005,10.10.5.105,DeviceConnected,USB Mouse,Logitech M500,USB\VID_046D&PID_C07E,,0,Normal
2024-03-27 13:07:54,jsmith,WIN-HR-001,10.10.1.101,DeviceConnected,USB Headset,Plantronics Headset,USB\VID_047F&PID_C056,,0,Normal
2024-03-17 08:42:02,ibailey,WIN-EXEC-002,10.10.7.102,DeviceConnected,USB Headset,Plantronics Headset,USB\VID_047F&PID_C056,,0,Normal
2024-03-25 11:41:08,sprice,WIN-RD-004,10.10.9.104,DeviceConnected,USB Headset,Plantronics Headset,USB\VID_047F&PID_C056,,0,Normal
2024-03-06 15:52:06,mbaker,WIN-SOC-001,10.10.4.101,DeviceConnected,USB Headset,Plantronics Headset,USB\VID_047F&PID_C056,,0,Normal
2024-03-22 13:41:59,kgreen,WIN-IT-004,10.10.3.104,DeviceConnected,USB Mouse,Logitech M500,USB\VID_046D&PID_C07E,,0,Normal
2024-03-09 11:50:54,sturner,WIN-SALES-002,10.10.5.102,DeviceConnected,USB Headset,Plantronics Headset,USB\VID_047F&PID_C056,,0,Normal
2024-03-27 12:42:48,kcox,WIN-OPS-001,10.10.8.101,DeviceConnected,USB Keyboard,Logitech K380,USB\VID_046D&PID_C52B,,0,Normal
2024-03-02 13:41:35,pmitchell,WIN-SOC-004,10.10.4.104,DeviceConnected,USB Keyboard,Logitech K380,USB\VID_046D&PID_C52B,,0,Normal
2024-03-17 12:28:44,qkelly,WIN-RD-002,10.10.9.102,DeviceConnected,USB Keyboard,Logitech K380,USB\VID_046D&PID_C52B,,0,Normal
2024-03-19 09:29:22,jrivera,WIN-EXEC-003,10.10.7.103,DeviceConnected,USB Mouse,Logitech M500,USB\VID_046D&PID_C07E,,0,Normal
2024-03-24 14:56:38,ibailey,WIN-EXEC-002,10.10.7.102,DeviceConnected,USB Mouse,Logitech M500,USB\VID_046D&PID_C07E,,0,Normal
2024-03-09 09:57:57,owatson,WIN-OPS-005,10.10.8.105,DeviceConnected,USB Mouse,Logitech M500,USB\VID_046D&PID_C07E,,0,Normal
2024-03-23 11:56:34,crogers,WIN-MKT-002,10.10.6.102,DeviceConnected,USB Keyboard,Logitech K380,USB\VID_046D&PID_C52B,,0,Normal
2024-03-09 15:17:59,sprice,WIN-RD-004,10.10.9.104,DeviceConnected,USB Mouse,Logitech M500,USB\VID_046D&PID_C07E,,0,Normal
2024-03-24 12:25:27,bmorris,WIN-MKT-001,10.10.6.101,DeviceConnected,USB Keyboard,Logitech K380,USB\VID_046D&PID_C52B,,0,Normal
2024-03-23 14:34:59,dreed,WIN-MKT-003,10.10.6.103,DeviceConnected,USB Mouse,Logitech M500,USB\VID_046D&PID_C07E,,0,Normal
2024-03-14 14:53:48,jrivera,WIN-EXEC-003,10.10.7.103,DeviceConnected,USB Keyboard,Logitech K380,USB\VID_046D&PID_C52B,,0,Normal
2024-03-11 17:44:29,eharris,WIN-FIN-005,10.10.2.105,DeviceConnected,USB Headset,Plantronics Headset,USB\VID_047F&PID_C056,,0,Normal
2024-03-10 12:10:00,hrobinson,WIN-IT-001,10.10.3.101,DeviceConnected,USB Headset,Plantronics Headset,USB\VID_047F&PID_C056,,0,Normal
2024-03-30 15:15:19,fclark,WIN-FIN-006,10.10.2.106,DeviceConnected,USB Headset,Plantronics Headset,USB\VID_047F&PID_C056,,0,Normal
2024-03-30 16:22:40,crogers,WIN-MKT-002,10.10.6.102,DeviceConnected,USB Headset,Plantronics Headset,USB\VID_047F&PID_C056,,0,Normal
2024-03-11 14:10:00,nwood,WIN-OPS-004,10.10.8.104,DeviceConnected,USB Mouse,Logitech M500,USB\VID_046D&PID_C07E,,0,Normal
2024-03-19 14:36:33,pmitchell,WIN-SOC-004,10.10.4.104,DeviceConnected,USB Headset,Plantronics Headset,USB\VID_047F&PID_C056,,0,Normal
2024-03-14 15:14:31,cwhite,WIN-FIN-003,10.10.2.103,DeviceConnected,USB Headset,Plantronics Headset,USB\VID_047F&PID_C056,,0,Normal
2024-03-09 14:46:02,rroberts,WIN-SALES-001,10.10.5.101,DeviceConnected,USB Headset,Plantronics Headset,USB\VID_047F&PID_C056,,0,Normal
2024-03-15 09:39:12,iwalker,WIN-IT-002,10.10.3.102,DeviceConnected,USB Keyboard,Logitech K380,USB\VID_046D&PID_C52B,,0,Normal
2024-03-04 10:47:53,fclark,WIN-FIN-006,10.10.2.106,DeviceConnected,USB Headset,Plantronics Headset,USB\VID_047F&PID_C056,,0,Normal
2024-03-17 08:35:17,pbrooks,WIN-RD-001,10.10.9.101,DeviceConnected,USB Keyboard,Logitech K380,USB\VID_046D&PID_C52B,,0,Normal
2024-03-13 17:56:52,qkelly,WIN-RD-002,10.10.9.102,DeviceConnected,USB Headset,Plantronics Headset,USB\VID_047F&PID_C056,,0,Normal
2024-03-27 14:15:58,fmorgan,WIN-MKT-005,10.10.6.105,DeviceConnected,USB Keyboard,Logitech K380,USB\VID_046D&PID_C52B,,0,Normal
2024-03-27 11:34:55,rthompson,WIN-FIN-001,10.10.2.101,DeviceConnected,USB Headset,Plantronics Headset,USB\VID_047F&PID_C056,,0,Normal
2024-03-13 09:04:30,ibailey,WIN-EXEC-002,10.10.7.102,DeviceConnected,USB Mouse,Logitech M500,USB\VID_046D&PID_C07E,,0,Normal
2024-03-14 08:01:15,rroberts,WIN-SALES-001,10.10.5.101,DeviceConnected,USB Headset,Plantronics Headset,USB\VID_047F&PID_C056,,0,Normal
2024-03-28 14:47:14,cwhite,WIN-FIN-003,10.10.2.103,DeviceConnected,USB Keyboard,Logitech K380,USB\VID_046D&PID_C52B,,0,Normal
2024-03-30 10:56:03,hrobinson,WIN-IT-001,10.10.3.101,DeviceConnected,USB Headset,Plantronics Headset,USB\VID_047F&PID_C056,,0,Normal
2024-03-08 17:14:02,nnelson,WIN-SOC-002,10.10.4.102,DeviceConnected,USB Headset,Plantronics Headset,USB\VID_047F&PID_C056,,0,Normal
2024-03-20 17:33:48,rthompson,WIN-FIN-001,10.10.2.101,DeviceConnected,USB Headset,Plantronics Headset,USB\VID_047F&PID_C056,,0,Normal
2024-03-06 09:25:09,kjones,WIN-HR-005,10.10.1.105,DeviceConnected,USB Headset,Plantronics Headset,USB\VID_047F&PID_C056,,0,Normal
2024-03-11 15:39:15,rroberts,WIN-SALES-001,10.10.5.101,DeviceConnected,USB Keyboard,Logitech K380,USB\VID_046D&PID_C52B,,0,Normal
2024-03-12 15:08:07,sturner,WIN-SALES-002,10.10.5.102,DeviceConnected,USB Keyboard,Logitech K380,USB\VID_046D&PID_C52B,,0,Normal
2024-03-03 11:41:26,mrichardson,WIN-OPS-003,10.10.8.103,DeviceConnected,USB Headset,Plantronics Headset,USB\VID_047F&PID_C056,,0,Normal
2024-03-10 14:21:57,fclark,WIN-FIN-006,10.10.2.106,DeviceConnected,USB Mouse,Logitech M500,USB\VID_046D&PID_C07E,,0,Normal
2024-03-18 13:41:19,owatson,WIN-OPS-005,10.10.8.105,DeviceConnected,USB Headset,Plantronics Headset,USB\VID_047F&PID_C056,,0,Normal
2024-03-15 16:36:03,ptaylor,WIN-HR-003,10.10.1.103,DeviceConnected,USB Headset,Plantronics Headset,USB\VID_047F&PID_C056,,0,Normal
2024-03-03 17:33:11,lbrown,WIN-HR-004,10.10.1.104,DeviceConnected,USB Mouse,Logitech M500,USB\VID_046D&PID_C07E,,0,Normal
2024-03-21 12:35:04,jscott,WIN-IT-003,10.10.3.103,DeviceConnected,USB Keyboard,Logitech K380,USB\VID_046D&PID_C52B,,0,Normal
2024-03-22 08:35:28,zstewart,WIN-SALES-009,10.10.5.109,DeviceConnected,USB Mouse,Logitech M500,USB\VID_046D&PID_C07E,,0,Normal
2024-03-11 10:49:57,dreed,WIN-MKT-003,10.10.6.103,DeviceConnected,USB Headset,Plantronics Headset,USB\VID_047F&PID_C056,,0,Normal
2024-03-03 13:56:13,jrivera,WIN-EXEC-003,10.10.7.103,DeviceConnected,USB Headset,Plantronics Headset,USB\VID_047F&PID_C056,,0,Normal
2024-03-28 15:31:56,asanchez,WIN-SALES-010,10.10.5.110,DeviceConnected,USB Headset,Plantronics Headset,USB\VID_047F&PID_C056,,0,Normal
2024-03-03 09:22:51,ocarter,WIN-SOC-003,10.10.4.103,DeviceConnected,USB Headset,Plantronics Headset,USB\VID_047F&PID_C056,,0,Normal
2024-03-26 16:38:22,bmorris,WIN-MKT-001,10.10.6.101,DeviceConnected,USB Headset,Plantronics Headset,USB\VID_047F&PID_C056,,0,Normal
2024-03-09 16:31:46,pmitchell,WIN-SOC-004,10.10.4.104,DeviceConnected,USB Keyboard,Logitech K380,USB\VID_046D&PID_C52B,,0,Normal
2024-03-26 13:22:31,wevans,WIN-SALES-006,10.10.5.106,DeviceConnected,USB Keyboard,Logitech K380,USB\VID_046D&PID_C52B,,0,Normal
2024-03-18 17:10:40,sturner,WIN-SALES-002,10.10.5.102,DeviceConnected,USB Keyboard,Logitech K380,USB\VID_046D&PID_C52B,,0,Normal
2024-03-17 16:36:55,xcollins,WIN-SALES-007,10.10.5.107,DeviceConnected,USB Mouse,Logitech M500,USB\VID_046D&PID_C07E,,0,Normal
2024-03-10 13:24:06,ucampbell,WIN-SALES-004,10.10.5.104,DeviceConnected,USB Headset,Plantronics Headset,USB\VID_047F&PID_C056,,0,Normal
2024-03-01 16:12:32,lbrown,WIN-HR-004,10.10.1.104,DeviceConnected,USB Headset,Plantronics Headset,USB\VID_047F&PID_C056,,0,Normal
2024-03-15 08:30:57,kjones,WIN-HR-005,10.10.1.105,DeviceConnected,USB Headset,Plantronics Headset,USB\VID_047F&PID_C056,,0,Normal
2024-03-22 17:30:03,mbaker,WIN-SOC-001,10.10.4.101,DeviceConnected,USB Mouse,Logitech M500,USB\VID_046D&PID_C07E,,0,Normal
2024-03-24 12:19:36,ecook,WIN-MKT-004,10.10.6.104,DeviceConnected,USB Keyboard,Logitech K380,USB\VID_046D&PID_C52B,,0,Normal
2024-03-10 14:48:27,rsanders,WIN-RD-003,10.10.9.103,DeviceConnected,USB Headset,Plantronics Headset,USB\VID_047F&PID_C056,,0,Normal
2024-03-19 12:08:35,sprice,WIN-RD-004,10.10.9.104,DeviceConnected,USB Keyboard,Logitech K380,USB\VID_046D&PID_C52B,,0,Normal
2024-03-15 14:16:16,bmorris,WIN-MKT-001,10.10.6.101,DeviceConnected,USB Mouse,Logitech M500,USB\VID_046D&PID_C07E,,0,Normal
2024-03-09 10:37:01,wevans,WIN-SALES-006,10.10.5.106,DeviceConnected,USB Mouse,Logitech M500,USB\VID_046D&PID_C07E,,0,Normal
2024-03-22 10:41:44,qperez,WIN-SOC-005,10.10.4.105,DeviceConnected,USB Keyboard,Logitech K380,USB\VID_046D&PID_C52B,,0,Normal
2024-03-26 15:41:47,tphillips,WIN-SALES-003,10.10.5.103,DeviceConnected,USB Mouse,Logitech M500,USB\VID_046D&PID_C07E,,0,Normal
2024-03-03 16:40:05,sturner,WIN-SALES-002,10.10.5.102,DeviceConnected,USB Mouse,Logitech M500,USB\VID_046D&PID_C07E,,0,Normal
2024-03-04 11:53:39,eharris,WIN-FIN-005,10.10.2.105,DeviceConnected,USB Mouse,Logitech M500,USB\VID_046D&PID_C07E,,0,Normal
2024-03-09 16:42:29,jsmith,WIN-HR-001,10.10.1.101,DeviceConnected,USB Headset,Plantronics Headset,USB\VID_047F&PID_C056,,0,Normal
2024-03-30 08:05:11,eharris,WIN-FIN-005,10.10.2.105,DeviceConnected,USB Mouse,Logitech M500,USB\VID_046D&PID_C07E,,0,Normal
2024-03-14 15:13:23,ucampbell,WIN-SALES-004,10.10.5.104,DeviceConnected,USB Headset,Plantronics Headset,USB\VID_047F&PID_C056,,0,Normal
2024-03-23 14:19:06,eharris,WIN-FIN-005,10.10.2.105,DeviceConnected,USB Mouse,Logitech M500,USB\VID_046D&PID_C07E,,0,Normal
2024-03-20 08:42:47,ibailey,WIN-EXEC-002,10.10.7.102,DeviceConnected,USB Headset,Plantronics Headset,USB\VID_047F&PID_C056,,0,Normal
2024-03-04 10:14:10,gbell,WIN-MKT-006,10.10.6.106,DeviceConnected,USB Headset,Plantronics Headset,USB\VID_047F&PID_C056,,0,Normal
2024-03-27 16:24:37,kcox,WIN-OPS-001,10.10.8.101,DeviceConnected,USB Mouse,Logitech M500,USB\VID_046D&PID_C07E,,0,Normal
2024-03-23 10:11:39,kgreen,WIN-IT-004,10.10.3.104,DeviceConnected,USB Keyboard,Logitech K380,USB\VID_046D&PID_C52B,,0,Normal
2024-03-19 09:06:08,mwilson,WIN-HR-002,10.10.1.102,DeviceConnected,USB Mouse,Logitech M500,USB\VID_046D&PID_C07E,,0,Normal
2024-03-15 10:55:58,jscott,WIN-IT-003,10.10.3.103,DeviceConnected,USB Mouse,Logitech M500,USB\VID_046D&PID_C07E,,0,Normal
2024-03-28 14:19:12,bmorris,WIN-MKT-001,10.10.6.101,DeviceConnected,USB Mouse,Logitech M500,USB\VID_046D&PID_C07E,,0,Normal
2024-03-02 17:52:01,zstewart,WIN-SALES-009,10.10.5.109,DeviceConnected,USB Mouse,Logitech M500,USB\VID_046D&PID_C07E,,0,Normal
2024-03-14 17:09:05,zstewart,WIN-SALES-009,10.10.5.109,DeviceConnected,USB Headset,Plantronics Headset,USB\VID_047F&PID_C056,,0,Normal
2024-03-06 13:34:20,jsmith,WIN-HR-001,10.10.1.101,DeviceConnected,USB Mouse,Logitech M500,USB\VID_046D&PID_C07E,,0,Normal
2024-03-18 11:44:30,asanchez,WIN-SALES-010,10.10.5.110,DeviceConnected,USB Keyboard,Logitech K380,USB\VID_046D&PID_C52B,,0,Normal
2024-03-09 13:37:08,hmurphy,WIN-EXEC-001,10.10.7.101,DeviceConnected,USB Keyboard,Logitech K380,USB\VID_046D&PID_C52B,,0,Normal
2024-03-11 16:37:57,fmorgan,WIN-MKT-005,10.10.6.105,DeviceConnected,USB Mouse,Logitech M500,USB\VID_046D&PID_C07E,,0,Normal
2024-03-16 14:23:21,ocarter,WIN-SOC-003,10.10.4.103,DeviceConnected,USB Headset,Plantronics Headset,USB\VID_047F&PID_C056,,0,Normal
2024-03-23 16:02:54,kcox,WIN-OPS-001,10.10.8.101,DeviceConnected,USB Keyboard,Logitech K380,USB\VID_046D&PID_C52B,,0,Normal
2024-03-15 14:54:18,kjones,WIN-HR-005,10.10.1.105,DeviceConnected,USB Keyboard,Logitech K380,USB\VID_046D&PID_C52B,,0,Normal
2024-03-26 14:51:11,hmurphy,WIN-EXEC-001,10.10.7.101,DeviceConnected,USB Mouse,Logitech M500,USB\VID_046D&PID_C07E,,0,Normal
2024-03-27 11:30:41,sturner,WIN-SALES-002,10.10.5.102,DeviceConnected,USB Keyboard,Logitech K380,USB\VID_046D&PID_C52B,,0,Normal
2024-03-28 13:49:44,zstewart,WIN-SALES-009,10.10.5.109,DeviceConnected,USB Mouse,Logitech M500,USB\VID_046D&PID_C07E,,0,Normal
2024-03-19 09:18:16,ladams,WIN-IT-005,10.10.3.105,DeviceConnected,USB Keyboard,Logitech K380,USB\VID_046D&PID_C52B,,0,Normal
2024-03-17 17:37:17,cwhite,WIN-FIN-003,10.10.2.103,DeviceConnected,USB Mouse,Logitech M500,USB\VID_046D&PID_C07E,,0,Normal
2024-03-03 15:16:42,iwalker,WIN-IT-002,10.10.3.102,DeviceConnected,USB Headset,Plantronics Headset,USB\VID_047F&PID_C056,,0,Normal
2024-03-24 08:27:41,asanchez,WIN-SALES-010,10.10.5.110,DeviceConnected,USB Mouse,Logitech M500,USB\VID_046D&PID_C07E,,0,Normal
2024-03-06 15:17:15,nwood,WIN-OPS-004,10.10.8.104,DeviceConnected,USB Mouse,Logitech M500,USB\VID_046D&PID_C07E,,0,Normal
2024-03-15 09:39:23,owatson,WIN-OPS-005,10.10.8.105,DeviceConnected,USB Mouse,Logitech M500,USB\VID_046D&PID_C07E,,0,Normal
2024-03-17 17:12:52,pbrooks,WIN-RD-001,10.10.9.101,DeviceConnected,USB Keyboard,Logitech K380,USB\VID_046D&PID_C52B,,0,Normal
2024-03-19 11:27:33,jrivera,WIN-EXEC-003,10.10.7.103,DeviceConnected,USB Headset,Plantronics Headset,USB\VID_047F&PID_C056,,0,Normal
2024-03-04 08:38:18,zstewart,WIN-SALES-009,10.10.5.109,DeviceConnected,USB Keyboard,Logitech K380,USB\VID_046D&PID_C52B,,0,Normal
2024-03-03 11:58:18,qkelly,WIN-RD-002,10.10.9.102,DeviceConnected,USB Mouse,Logitech M500,USB\VID_046D&PID_C07E,,0,Normal
2024-03-08 16:18:52,amartin,WIN-FIN-002,10.10.2.102,DeviceConnected,USB Keyboard,Logitech K380,USB\VID_046D&PID_C52B,,0,Normal
2024-03-19 13:05:32,jrivera,WIN-EXEC-003,10.10.7.103,DeviceConnected,USB Headset,Plantronics Headset,USB\VID_047F&PID_C056,,0,Normal
2024-03-02 13:20:09,crogers,WIN-MKT-002,10.10.6.102,DeviceConnected,USB Mouse,Logitech M500,USB\VID_046D&PID_C07E,,0,Normal
2024-03-26 12:27:58,fclark,WIN-FIN-006,10.10.2.106,DeviceConnected,USB Keyboard,Logitech K380,USB\VID_046D&PID_C52B,,0,Normal
2024-03-25 12:22:40,qkelly,WIN-RD-002,10.10.9.102,DeviceConnected,USB Mouse,Logitech M500,USB\VID_046D&PID_C07E,,0,Normal
2024-03-05 12:15:44,jsmith,WIN-HR-001,10.10.1.101,DeviceConnected,USB Mouse,Logitech M500,USB\VID_046D&PID_C07E,,0,Normal
2024-03-19 09:33:49,owatson,WIN-OPS-005,10.10.8.105,DeviceConnected,USB Mouse,Logitech M500,USB\VID_046D&PID_C07E,,0,Normal
2024-03-22 08:37:02,bmorris,WIN-MKT-001,10.10.6.101,DeviceConnected,USB Mouse,Logitech M500,USB\VID_046D&PID_C07E,,0,Normal
2024-03-13 09:58:40,mwilson,WIN-HR-002,10.10.1.102,DeviceConnected,USB Keyboard,Logitech K380,USB\VID_046D&PID_C52B,,0,Normal
2024-03-04 15:55:50,hmurphy,WIN-EXEC-001,10.10.7.101,DeviceConnected,USB Headset,Plantronics Headset,USB\VID_047F&PID_C056,,0,Normal
2024-03-15 10:56:03,nnelson,WIN-SOC-002,10.10.4.102,DeviceConnected,USB Mouse,Logitech M500,USB\VID_046D&PID_C07E,,0,Normal
2024-03-13 10:05:01,mbaker,WIN-SOC-001,10.10.4.101,DeviceConnected,USB Mouse,Logitech M500,USB\VID_046D&PID_C07E,,0,Normal
2024-03-20 10:38:33,hrobinson,WIN-IT-001,10.10.3.101,DeviceConnected,USB Headset,Plantronics Headset,USB\VID_047F&PID_C056,,0,Normal
2024-03-28 15:22:45,jrivera,WIN-EXEC-003,10.10.7.103,DeviceConnected,USB Mouse,Logitech M500,USB\VID_046D&PID_C07E,,0,Normal
2024-03-08 14:55:33,ladams,WIN-IT-005,10.10.3.105,DeviceConnected,USB Mouse,Logitech M500,USB\VID_046D&PID_C07E,,0,Normal
2024-03-25 09:46:38,lbrown,WIN-HR-004,10.10.1.104,DeviceConnected,USB Headset,Plantronics Headset,USB\VID_047F&PID_C056,,0,Normal
2024-03-16 15:27:19,iwalker,WIN-IT-002,10.10.3.102,DeviceConnected,USB Keyboard,Logitech K380,USB\VID_046D&PID_C52B,,0,Normal
2024-03-05 12:23:00,hmurphy,WIN-EXEC-001,10.10.7.101,DeviceConnected,USB Mouse,Logitech M500,USB\VID_046D&PID_C07E,,0,Normal
2024-03-22 11:36:13,rroberts,WIN-SALES-001,10.10.5.101,DeviceConnected,USB Keyboard,Logitech K380,USB\VID_046D&PID_C52B,,0,Normal
2024-03-22 13:57:05,fclark,WIN-FIN-006,10.10.2.106,DeviceConnected,USB Mouse,Logitech M500,USB\VID_046D&PID_C07E,,0,Normal
2024-03-29 16:25:27,amartin,WIN-FIN-002,10.10.2.102,DeviceConnected,USB Headset,Plantronics Headset,USB\VID_047F&PID_C056,,0,Normal
2024-03-07 17:37:39,jrivera,WIN-EXEC-003,10.10.7.103,DeviceConnected,USB Mouse,Logitech M500,USB\VID_046D&PID_C07E,,0,Normal
2024-03-08 14:38:18,jsmith,WIN-HR-001,10.10.1.101,DeviceConnected,USB Headset,Plantronics Headset,USB\VID_047F&PID_C056,,0,Normal
2024-03-08 10:22:27,sprice,WIN-RD-004,10.10.9.104,DeviceConnected,USB Headset,Plantronics Headset,USB\VID_047F&PID_C056,,0,Normal
2024-03-10 12:39:39,rroberts,WIN-SALES-001,10.10.5.101,DeviceConnected,USB Keyboard,Logitech K380,USB\VID_046D&PID_C52B,,0,Normal
2024-03-04 09:38:49,tphillips,WIN-SALES-003,10.10.5.103,DeviceConnected,USB Headset,Plantronics Headset,USB\VID_047F&PID_C056,,0,Normal
2024-03-03 08:16:01,glewis,WIN-FIN-007,10.10.2.107,DeviceConnected,USB Keyboard,Logitech K380,USB\VID_046D&PID_C52B,,0,Normal
2024-03-01 14:52:49,crogers,WIN-MKT-002,10.10.6.102,DeviceConnected,USB Headset,Plantronics Headset,USB\VID_047F&PID_C056,,0,Normal
2024-03-24 11:36:22,hrobinson,WIN-IT-001,10.10.3.101,DeviceConnected,USB Mouse,Logitech M500,USB\VID_046D&PID_C07E,,0,Normal
2024-03-17 17:40:23,ecook,WIN-MKT-004,10.10.6.104,DeviceConnected,USB Headset,Plantronics Headset,USB\VID_047F&PID_C056,,0,Normal
2024-03-24 17:57:56,bmorris,WIN-MKT-001,10.10.6.101,DeviceConnected,USB Mouse,Logitech M500,USB\VID_046D&PID_C07E,,0,Normal
2024-03-12 16:58:28,bmorris,WIN-MKT-001,10.10.6.101,DeviceConnected,USB Headset,Plantronics Headset,USB\VID_047F&PID_C056,,0,Normal
2024-03-10 12:09:10,amartin,WIN-FIN-002,10.10.2.102,DeviceConnected,USB Keyboard,Logitech K380,USB\VID_046D&PID_C52B,,0,Normal
2024-03-06 10:40:12,glewis,WIN-FIN-007,10.10.2.107,DeviceConnected,USB Headset,Plantronics Headset,USB\VID_047F&PID_C056,,0,Normal
2024-03-29 14:30:22,hrobinson,WIN-IT-001,10.10.3.101,DeviceConnected,USB Headset,Plantronics Headset,USB\VID_047F&PID_C056,,0,Normal
2024-03-28 16:49:16,dlee,WIN-FIN-004,10.10.2.104,DeviceConnected,USB Keyboard,Logitech K380,USB\VID_046D&PID_C52B,,0,Normal
2024-03-24 16:53:43,jrivera,WIN-EXEC-003,10.10.7.103,DeviceConnected,USB Mouse,Logitech M500,USB\VID_046D&PID_C07E,,0,Normal
2024-03-29 13:39:51,ibailey,WIN-EXEC-002,10.10.7.102,DeviceConnected,USB Keyboard,Logitech K380,USB\VID_046D&PID_C52B,,0,Normal
2024-03-04 10:51:31,kcox,WIN-OPS-001,10.10.8.101,DeviceConnected,USB Keyboard,Logitech K380,USB\VID_046D&PID_C52B,,0,Normal
2024-03-04 15:18:34,glewis,WIN-FIN-007,10.10.2.107,DeviceConnected,USB Keyboard,Logitech K380,USB\VID_046D&PID_C52B,,0,Normal
2024-03-19 14:12:35,mbaker,WIN-SOC-001,10.10.4.101,DeviceConnected,USB Headset,Plantronics Headset,USB\VID_047F&PID_C056,,0,Normal
2024-03-28 14:28:40,ucampbell,WIN-SALES-004,10.10.5.104,DeviceConnected,USB Mouse,Logitech M500,USB\VID_046D&PID_C07E,,0,Normal
2024-03-25 17:13:52,mbaker,WIN-SOC-001,10.10.4.101,DeviceConnected,USB Headset,Plantronics Headset,USB\VID_047F&PID_C056,,0,Normal
2024-03-24 16:40:55,owatson,WIN-OPS-005,10.10.8.105,DeviceConnected,USB Headset,Plantronics Headset,USB\VID_047F&PID_C056,,0,Normal
2024-03-25 10:19:47,jrivera,WIN-EXEC-003,10.10.7.103,DeviceConnected,USB Mouse,Logitech M500,USB\VID_046D&PID_C07E,,0,Normal
2024-03-12 14:51:20,jsmith,WIN-HR-001,10.10.1.101,DeviceConnected,USB Headset,Plantronics Headset,USB\VID_047F&PID_C056,,0,Normal
2024-03-17 11:10:08,yedwards,WIN-SALES-008,10.10.5.108,DeviceConnected,USB Mouse,Logitech M500,USB\VID_046D&PID_C07E,,0,Normal
2024-03-22 11:55:59,lward,WIN-OPS-002,10.10.8.102,DeviceConnected,USB Headset,Plantronics Headset,USB\VID_047F&PID_C056,,0,Normal
2024-03-15 22:15:00,dlee,WIN-FIN-004,10.10.2.104,DeviceConnected,USB Mass Storage,SanDisk Ultra 64GB,USB\VID_0781&PID_5581,E:,0,MALICIOUS
2024-03-15 22:16:00,dlee,WIN-FIN-004,10.10.2.104,FileCopiedToUSB,USB Mass Storage,SanDisk Ultra 64GB,USB\VID_0781&PID_5581,E:,1,MALICIOUS
2024-03-15 22:16:20,dlee,WIN-FIN-004,10.10.2.104,FileCopiedToUSB,USB Mass Storage,SanDisk Ultra 64GB,USB\VID_0781&PID_5581,E:,1,MALICIOUS
2024-03-15 22:16:40,dlee,WIN-FIN-004,10.10.2.104,FileCopiedToUSB,USB Mass Storage,SanDisk Ultra 64GB,USB\VID_0781&PID_5581,E:,1,MALICIOUS
2024-03-15 22:17:00,dlee,WIN-FIN-004,10.10.2.104,FileCopiedToUSB,USB Mass Storage,SanDisk Ultra 64GB,USB\VID_0781&PID_5581,E:,1,MALICIOUS
2024-03-15 22:17:20,dlee,WIN-FIN-004,10.10.2.104,FileCopiedToUSB,USB Mass Storage,SanDisk Ultra 64GB,USB\VID_0781&PID_5581,E:,1,MALICIOUS
2024-03-15 22:17:40,dlee,WIN-FIN-004,10.10.2.104,FileCopiedToUSB,USB Mass Storage,SanDisk Ultra 64GB,USB\VID_0781&PID_5581,E:,1,MALICIOUS
2024-03-15 22:18:00,dlee,WIN-FIN-004,10.10.2.104,FileCopiedToUSB,USB Mass Storage,SanDisk Ultra 64GB,USB\VID_0781&PID_5581,E:,1,MALICIOUS
2024-03-15 22:18:20,dlee,WIN-FIN-004,10.10.2.104,FileCopiedToUSB,USB Mass Storage,SanDisk Ultra 64GB,USB\VID_0781&PID_5581,E:,1,MALICIOUS
2024-03-15 22:18:40,dlee,WIN-FIN-004,10.10.2.104,FileCopiedToUSB,USB Mass Storage,SanDisk Ultra 64GB,USB\VID_0781&PID_5581,E:,1,MALICIOUS
2024-03-15 22:19:00,dlee,WIN-FIN-004,10.10.2.104,FileCopiedToUSB,USB Mass Storage,SanDisk Ultra 64GB,USB\VID_0781&PID_5581,E:,1,MALICIOUS
2024-03-15 22:19:20,dlee,WIN-FIN-004,10.10.2.104,FileCopiedToUSB,USB Mass Storage,SanDisk Ultra 64GB,USB\VID_0781&PID_5581,E:,1,MALICIOUS
2024-03-15 22:19:40,dlee,WIN-FIN-004,10.10.2.104,FileCopiedToUSB,USB Mass Storage,SanDisk Ultra 64GB,USB\VID_0781&PID_5581,E:,1,MALICIOUS
2024-03-15 22:20:00,dlee,WIN-FIN-004,10.10.2.104,FileCopiedToUSB,USB Mass Storage,SanDisk Ultra 64GB,USB\VID_0781&PID_5581,E:,1,MALICIOUS
2024-03-15 22:20:20,dlee,WIN-FIN-004,10.10.2.104,FileCopiedToUSB,USB Mass Storage,SanDisk Ultra 64GB,USB\VID_0781&PID_5581,E:,1,MALICIOUS
2024-03-15 22:20:40,dlee,WIN-FIN-004,10.10.2.104,FileCopiedToUSB,USB Mass Storage,SanDisk Ultra 64GB,USB\VID_0781&PID_5581,E:,1,MALICIOUS
2024-03-15 22:21:00,dlee,WIN-FIN-004,10.10.2.104,FileCopiedToUSB,USB Mass Storage,SanDisk Ultra 64GB,USB\VID_0781&PID_5581,E:,1,MALICIOUS
2024-03-15 22:21:20,dlee,WIN-FIN-004,10.10.2.104,FileCopiedToUSB,USB Mass Storage,SanDisk Ultra 64GB,USB\VID_0781&PID_5581,E:,1,MALICIOUS
2024-03-15 22:21:40,dlee,WIN-FIN-004,10.10.2.104,FileCopiedToUSB,USB Mass Storage,SanDisk Ultra 64GB,USB\VID_0781&PID_5581,E:,1,MALICIOUS
2024-03-15 22:22:00,dlee,WIN-FIN-004,10.10.2.104,FileCopiedToUSB,USB Mass Storage,SanDisk Ultra 64GB,USB\VID_0781&PID_5581,E:,1,MALICIOUS
2024-03-15 22:22:20,dlee,WIN-FIN-004,10.10.2.104,FileCopiedToUSB,USB Mass Storage,SanDisk Ultra 64GB,USB\VID_0781&PID_5581,E:,1,MALICIOUS
2024-03-15 22:22:40,dlee,WIN-FIN-004,10.10.2.104,FileCopiedToUSB,USB Mass Storage,SanDisk Ultra 64GB,USB\VID_0781&PID_5581,E:,1,MALICIOUS
2024-03-15 22:23:00,dlee,WIN-FIN-004,10.10.2.104,FileCopiedToUSB,USB Mass Storage,SanDisk Ultra 64GB,USB\VID_0781&PID_5581,E:,1,MALICIOUS
2024-03-15 22:23:20,dlee,WIN-FIN-004,10.10.2.104,FileCopiedToUSB,USB Mass Storage,SanDisk Ultra 64GB,USB\VID_0781&PID_5581,E:,1,MALICIOUS
2024-03-15 22:23:40,dlee,WIN-FIN-004,10.10.2.104,FileCopiedToUSB,USB Mass Storage,SanDisk Ultra 64GB,USB\VID_0781&PID_5581,E:,1,MALICIOUS
2024-03-15 22:24:00,dlee,WIN-FIN-004,10.10.2.104,FileCopiedToUSB,USB Mass Storage,SanDisk Ultra 64GB,USB\VID_0781&PID_5581,E:,1,MALICIOUS
2024-03-15 22:24:20,dlee,WIN-FIN-004,10.10.2.104,FileCopiedToUSB,USB Mass Storage,SanDisk Ultra 64GB,USB\VID_0781&PID_5581,E:,1,MALICIOUS
2024-03-15 22:24:40,dlee,WIN-FIN-004,10.10.2.104,FileCopiedToUSB,USB Mass Storage,SanDisk Ultra 64GB,USB\VID_0781&PID_5581,E:,1,MALICIOUS
2024-03-15 22:25:00,dlee,WIN-FIN-004,10.10.2.104,FileCopiedToUSB,USB Mass Storage,SanDisk Ultra 64GB,USB\VID_0781&PID_5581,E:,1,MALICIOUS
2024-03-15 22:25:20,dlee,WIN-FIN-004,10.10.2.104,FileCopiedToUSB,USB Mass Storage,SanDisk Ultra 64GB,USB\VID_0781&PID_5581,E:,1,MALICIOUS
2024-03-15 22:25:40,dlee,WIN-FIN-004,10.10.2.104,FileCopiedToUSB,USB Mass Storage,SanDisk Ultra 64GB,USB\VID_0781&PID_5581,E:,1,MALICIOUS
2024-03-15 22:26:00,dlee,WIN-FIN-004,10.10.2.104,FileCopiedToUSB,USB Mass Storage,SanDisk Ultra 64GB,USB\VID_0781&PID_5581,E:,1,MALICIOUS
2024-03-15 22:26:20,dlee,WIN-FIN-004,10.10.2.104,FileCopiedToUSB,USB Mass Storage,SanDisk Ultra 64GB,USB\VID_0781&PID_5581,E:,1,MALICIOUS
2024-03-15 22:26:40,dlee,WIN-FIN-004,10.10.2.104,FileCopiedToUSB,USB Mass Storage,SanDisk Ultra 64GB,USB\VID_0781&PID_5581,E:,1,MALICIOUS
2024-03-15 22:27:00,dlee,WIN-FIN-004,10.10.2.104,FileCopiedToUSB,USB Mass Storage,SanDisk Ultra 64GB,USB\VID_0781&PID_5581,E:,1,MALICIOUS
2024-03-15 22:27:20,dlee,WIN-FIN-004,10.10.2.104,FileCopiedToUSB,USB Mass Storage,SanDisk Ultra 64GB,USB\VID_0781&PID_5581,E:,1,MALICIOUS
2024-03-15 22:27:40,dlee,WIN-FIN-004,10.10.2.104,FileCopiedToUSB,USB Mass Storage,SanDisk Ultra 64GB,USB\VID_0781&PID_5581,E:,1,MALICIOUS
2024-03-15 22:28:00,dlee,WIN-FIN-004,10.10.2.104,FileCopiedToUSB,USB Mass Storage,SanDisk Ultra 64GB,USB\VID_0781&PID_5581,E:,1,MALICIOUS
2024-03-15 22:28:20,dlee,WIN-FIN-004,10.10.2.104,FileCopiedToUSB,USB Mass Storage,SanDisk Ultra 64GB,USB\VID_0781&PID_5581,E:,1,MALICIOUS
2024-03-15 22:28:40,dlee,WIN-FIN-004,10.10.2.104,FileCopiedToUSB,USB Mass Storage,SanDisk Ultra 64GB,USB\VID_0781&PID_5581,E:,1,MALICIOUS
2024-03-15 22:29:00,dlee,WIN-FIN-004,10.10.2.104,FileCopiedToUSB,USB Mass Storage,SanDisk Ultra 64GB,USB\VID_0781&PID_5581,E:,1,MALICIOUS
2024-03-15 22:29:20,dlee,WIN-FIN-004,10.10.2.104,FileCopiedToUSB,USB Mass Storage,SanDisk Ultra 64GB,USB\VID_0781&PID_5581,E:,1,MALICIOUS
2024-03-15 22:29:40,dlee,WIN-FIN-004,10.10.2.104,FileCopiedToUSB,USB Mass Storage,SanDisk Ultra 64GB,USB\VID_0781&PID_5581,E:,1,MALICIOUS
2024-03-15 22:30:00,dlee,WIN-FIN-004,10.10.2.104,FileCopiedToUSB,USB Mass Storage,SanDisk Ultra 64GB,USB\VID_0781&PID_5581,E:,1,MALICIOUS
2024-03-15 22:30:20,dlee,WIN-FIN-004,10.10.2.104,FileCopiedToUSB,USB Mass Storage,SanDisk Ultra 64GB,USB\VID_0781&PID_5581,E:,1,MALICIOUS
2024-03-15 22:30:40,dlee,WIN-FIN-004,10.10.2.104,FileCopiedToUSB,USB Mass Storage,SanDisk Ultra 64GB,USB\VID_0781&PID_5581,E:,1,MALICIOUS
2024-03-15 22:31:00,dlee,WIN-FIN-004,10.10.2.104,FileCopiedToUSB,USB Mass Storage,SanDisk Ultra 64GB,USB\VID_0781&PID_5581,E:,1,MALICIOUS
2024-03-15 22:31:20,dlee,WIN-FIN-004,10.10.2.104,FileCopiedToUSB,USB Mass Storage,SanDisk Ultra 64GB,USB\VID_0781&PID_5581,E:,1,MALICIOUS
2024-03-15 22:31:40,dlee,WIN-FIN-004,10.10.2.104,FileCopiedToUSB,USB Mass Storage,SanDisk Ultra 64GB,USB\VID_0781&PID_5581,E:,1,MALICIOUS
2024-03-15 22:32:00,dlee,WIN-FIN-004,10.10.2.104,FileCopiedToUSB,USB Mass Storage,SanDisk Ultra 64GB,USB\VID_0781&PID_5581,E:,1,MALICIOUS
2024-03-15 22:32:20,dlee,WIN-FIN-004,10.10.2.104,FileCopiedToUSB,USB Mass Storage,SanDisk Ultra 64GB,USB\VID_0781&PID_5581,E:,1,MALICIOUS
2024-03-15 22:35:00,dlee,WIN-FIN-004,10.10.2.104,DeviceDisconnected,USB Mass Storage,SanDisk Ultra 64GB,USB\VID_0781&PID_5581,,0,MALICIOUS
